Rk,Player,Age,Team,Pos,G,GS,MP,PER,TS%,3PAr,FTr,ORB%,DRB%,TRB%,AST%,STL%,BLK%,TOV%,USG%,OWS,DWS,WS,WS/48,OBPM,DBPM,BPM,VORP,Awards,Player-additional
1,Michael Finley,26,DAL,SF,82,82,3464,19.2,.522,.151,.194,3.8,12.2,8.0,21.3,1.6,0.6,9.9,25.1,6.4,1.9,8.3,.114,3.0,-0.9,2.1,3.6,MVP-13AS,finlemi01
2,Gary Payton,31,SEA,PG,82,82,3425,23.6,.535,.312,.254,3.2,13.9,8.5,37.7,2.3,0.4,10.8,26.8,10.5,3.5,13.9,.195,5.8,0.7,6.4,7.3,MVP-6DPOY-5ASNBA1,paytoga01
3,Latrell Sprewell,29,NYK,SF,82,82,3276,15.7,.515,.097,.304,1.8,10.5,6.3,18.2,1.8,0.5,13.2,24.7,2.5,4.1,6.6,.097,0.5,0.5,1.0,2.5,,sprewla01
4,Kevin Garnett,23,MIN,PF,81,81,3243,23.6,.545,.053,.265,7.9,26.6,17.1,21.5,1.9,2.8,13.6,27.4,6.1,5.6,11.6,.172,4.6,1.7,6.3,6.8,MVP-2DPOY-7ASNBA1,garneke01
5,Shareef Abdur-Rahim,23,VAN,SF,82,82,3223,20.2,.547,.075,.431,8.0,22.7,15.3,15.5,1.5,1.9,14.1,25.0,6.2,2.6,8.8,.132,2.6,-0.4,2.2,3.4,,abdursh01
6,Allan Houston,28,NYK,SG,82,82,3169,16.5,.569,.191,.263,1.5,8.5,5.1,13.2,1.1,0.3,11.6,24.0,5.5,3.1,8.6,.130,1.8,-0.2,1.7,2.9,AS,houstal01
7,Shaquille O'Neal,27,LAL,C,79,79,3163,30.6,.578,.001,.495,11.5,24.8,18.3,19.3,0.6,5.3,9.9,31.2,11.7,7.0,18.6,.283,7.3,2.0,9.3,9.0,MVP-1DPOY-2ASNBA1,onealsh01
8,Mike Bibby,21,VAN,PG,82,82,3155,16.7,.521,.206,.242,2.8,8.9,5.8,36.2,2.2,0.3,17.8,20.0,4.5,1.1,5.6,.086,1.9,-1.3,0.6,2.1,,bibbymi01
9,Jerry Stackhouse,25,DET,SG,82,82,3148,18.9,.545,.199,.524,4.3,7.2,5.8,20.3,1.6,0.8,14.9,29.2,5.7,1.6,7.3,.111,2.8,-1.7,1.0,2.4,AS,stackje01
10,Anthony Mason,33,CHH,SF,82,81,3133,14.4,.560,.002,.637,5.3,19.4,12.5,18.3,1.2,0.6,15.9,14.4,4.9,3.9,8.9,.136,0.1,0.7,0.8,2.2,DPOY-8,masonan01
11,Vince Carter,23,TOR,SF,82,82,3126,23.4,.543,.139,.325,5.2,12.1,8.5,20.5,1.8,2.1,8.4,30.0,9.1,2.7,11.8,.182,5.6,-0.1,5.5,5.9,MVP-10ASNBA3,cartevi01
12,Michael Dickerson,24,VAN,SG,82,82,3103,15.6,.530,.229,.255,3.0,7.8,5.4,12.2,2.0,1.0,10.5,23.1,4.5,1.0,5.5,.085,1.0,-1.0,0.0,1.6,,dickemi01
13,Ray Allen,24,MIL,SG,82,82,3070,20.6,.570,.288,.282,3.2,10.5,6.8,17.0,1.9,0.5,10.3,25.6,9.0,1.0,10.1,.157,4.7,-1.1,3.6,4.3,AS,allenra02
14,Antoine Walker,23,BOS,PF,82,82,3003,17.8,.494,.189,.295,7.2,18.2,12.4,18.2,2.0,0.8,13.2,28.3,2.3,2.7,5.0,.080,1.8,-1.1,0.7,2.1,,walkean02
15,Elton Brand,20,CHI,PF,81,80,2999,20.6,.528,.002,.410,13.3,18.4,15.8,11.8,1.2,3.3,12.9,27.0,4.2,3.3,7.5,.121,2.2,-0.9,1.3,2.5,ROY-1,brandel01
16,Reggie Miller,34,IND,SG,81,81,2987,17.3,.603,.388,.390,2.0,6.8,4.5,10.2,1.5,0.6,9.6,20.5,8.0,2.0,10.1,.162,3.0,-0.3,2.7,3.6,MVP-13AS,millere01
17,Dikembe Mutombo,33,ATL,C,82,82,2984,19.4,.621,.000,.735,11.2,31.3,21.2,5.4,0.5,5.9,18.7,13.8,5.6,4.3,9.9,.160,0.9,1.5,2.4,3.3,DPOY-3AS,mutomdi01
18,Jalen Rose,27,IND,SF,80,80,2978,16.7,.547,.164,.257,1.6,12.5,7.3,18.4,1.5,1.1,12.4,23.2,4.4,2.9,7.3,.118,1.2,0.2,1.4,2.5,MVP-13MIP-1,roseja01
19,Nick Van Exel,28,DEN,PG,79,79,2950,16.0,.483,.331,.198,1.2,10.3,5.7,39.7,1.2,0.3,14.4,22.7,3.7,1.2,4.9,.079,2.0,-2.2,-0.2,1.3,,vanexni01
20,Karl Malone,36,UTA,PF,82,82,2947,27.1,.582,.005,.501,7.1,24.7,16.1,20.9,1.4,1.9,11.4,31.9,10.7,4.5,15.3,.249,6.4,1.1,7.5,7.1,MVP-4ASNBA2,malonka01
21,Dirk Nowitzki,21,DAL,PF,82,81,2938,17.5,.564,.274,.311,3.8,15.6,9.7,10.9,1.1,1.6,10.0,21.2,6.1,1.9,8.1,.132,2.1,-0.5,1.6,2.6,,nowitdi01
22,Lindsey Hunter,29,DET,PG,82,82,2919,13.2,.543,.436,.173,1.4,8.5,5.0,17.6,2.2,0.5,13.1,16.6,3.6,2.0,5.6,.093,0.6,0.2,0.7,2.0,,hunteli01
23,Glenn Robinson,27,MIL,SF,81,81,2909,17.8,.534,.162,.194,4.3,15.1,9.7,11.8,1.4,1.1,12.3,27.6,3.5,1.3,4.8,.080,1.9,-1.9,0.1,1.5,AS,robingl01
24,Juwan Howard,26,WAS,PF,82,82,2909,12.3,.496,.006,.248,5.2,13.5,9.3,14.5,1.2,0.5,15.5,22.2,0.5,1.3,1.9,.031,-1.4,-1.4,-2.8,-0.6,,howarju01
25,Bryon Russell,29,UTA,SF,82,70,2900,15.1,.550,.293,.346,4.3,13.5,9.0,8.9,2.4,0.6,8.8,18.4,5.1,3.7,8.8,.146,0.9,0.8,1.7,2.7,,russebr01
26,Sam Cassell,30,MIL,PG,81,81,2899,21.1,.551,.077,.380,2.8,9.3,6.1,41.1,1.8,0.2,16.4,25.0,8.4,0.8,9.2,.152,3.6,-1.4,2.2,3.1,,cassesa01
27,Stephon Marbury,22,NJN,PG,74,74,2881,20.7,.528,.177,.407,2.3,7.2,4.6,39.0,2.0,0.4,14.8,28.2,6.1,1.2,7.4,.123,3.8,-1.3,2.4,3.2,NBA3,marbust01
28,Chris Webber,26,SAC,PF,75,75,2880,23.4,.530,.061,.267,6.8,21.8,14.3,21.1,2.0,2.9,11.2,28.2,5.7,5.0,10.7,.179,3.6,2.1,5.7,5.6,MVP-9ASNBA3,webbech01
29,Tim Duncan,23,SAS,PF,74,74,2875,24.8,.555,.009,.471,10.8,24.8,18.1,15.5,1.2,4.0,13.5,28.7,6.7,6.4,13.0,.218,3.8,1.8,5.6,5.5,MVP-5ASNBA1,duncati01
30,Eric Snow,26,PHI,PG,82,80,2866,12.8,.482,.075,.296,1.6,8.6,5.0,32.7,2.5,0.2,19.4,12.8,2.4,3.7,6.1,.102,-1.3,1.4,0.1,1.5,,snower01
31,Allen Iverson,24,PHI,SG,70,70,2853,20.0,.496,.151,.358,2.7,7.7,5.2,23.0,2.6,0.1,10.3,34.4,3.3,3.6,6.9,.116,3.4,-0.2,3.2,3.8,MVP-7ASNBA2,iversal01
32,Vin Baker,28,SEA,C,79,75,2849,14.0,.500,.007,.365,8.6,14.7,11.6,8.6,0.8,1.6,14.0,23.6,1.2,2.2,3.5,.059,-1.6,-1.5,-3.0,-0.7,,bakervi01
33,Rasheed Wallace,25,POR,PF,81,77,2845,18.1,.556,.048,.317,5.6,17.2,11.7,8.7,1.6,2.8,11.6,21.9,4.6,4.7,9.3,.156,1.2,1.0,2.2,3.0,AS,wallara01
34,Clifford Robinson,33,PHO,SF,80,67,2839,17.3,.564,.284,.334,4.2,9.8,7.0,13.3,1.6,1.5,11.2,22.9,5.7,3.9,9.6,.162,2.1,0.4,2.5,3.2,DPOY-8,robincl02
35,Jamal Mashburn,27,MIA,SF,76,76,2828,15.4,.526,.240,.206,2.8,12.4,7.8,18.6,1.5,0.4,12.5,23.8,3.1,3.2,6.4,.109,0.9,-0.4,0.5,1.8,,mashbja01
36,Eddie Jones,28,CHH,SG,72,72,2807,19.9,.555,.305,.374,3.3,10.3,6.9,19.0,3.5,1.2,10.9,23.4,5.7,4.4,10.1,.172,2.9,2.0,4.9,4.9,DPOY-3ASNBA3,jonesed02
37,Keith Van Horn,24,NJN,PF,80,80,2782,18.1,.537,.181,.313,7.7,19.7,13.5,10.3,1.2,1.5,14.6,26.8,3.2,2.4,5.5,.096,1.2,-1.5,-0.3,1.2,,vanhoke01
38,Grant Hill,27,DET,SF,74,74,2776,24.5,.565,.069,.425,4.1,16.4,10.2,26.8,1.9,1.1,12.4,30.5,8.1,2.6,10.7,.185,5.4,0.1,5.4,5.2,MVP-8ASNBA2,hillgr01
39,Steve Francis,22,HOU,PG,77,77,2776,18.4,.543,.278,.327,6.3,10.2,8.3,31.6,2.2,0.7,19.3,25.0,4.4,2.0,6.4,.111,2.7,-0.6,2.0,2.8,ROY-1,francst01
40,Alan Henderson,27,ATL,PF,82,82,2775,14.7,.503,.011,.359,10.5,12.1,11.3,4.6,1.5,1.3,11.4,19.4,2.9,1.4,4.3,.074,-0.4,-1.2,-1.6,0.3,,hendeal01
41,Jim Jackson,29,ATL,SF,79,76,2767,14.3,.496,.245,.172,4.0,11.6,7.8,14.5,1.1,0.2,12.2,24.2,2.1,0.7,2.8,.049,1.0,-1.8,-0.8,0.8,,jacksji01
42,Lamar Odom,20,LAC,SF,76,70,2767,16.8,.521,.160,.410,6.2,18.2,12.0,20.2,1.7,2.3,17.6,23.5,1.7,1.5,3.2,.055,0.8,-0.2,0.6,1.8,ROY-3,odomla01
43,David Wesley,29,CHH,PG,82,82,2760,15.0,.519,.260,.288,1.6,7.4,4.6,28.2,2.0,0.3,12.9,20.1,3.4,2.7,6.1,.106,0.4,-0.3,0.1,1.5,,wesleda01
44,Jason Williams,24,SAC,PG,81,81,2760,11.6,.477,.519,.175,0.8,7.9,4.3,30.7,2.0,0.2,22.0,20.3,-1.1,2.6,1.5,.026,-0.8,-1.1,-1.9,0.1,,willija02
45,Scottie Pippen,34,POR,SF,82,82,2749,16.4,.533,.306,.259,5.1,16.2,11.0,23.7,2.3,1.1,17.8,19.6,3.4,4.4,7.8,.137,1.9,1.7,3.6,3.9,DPOY-8,pippesc01
46,Alonzo Mourning,29,MIA,C,79,78,2748,25.8,.596,.003,.492,9.5,21.6,15.9,8.7,0.8,7.8,13.1,28.1,7.3,5.6,12.9,.226,3.1,2.2,5.3,5.0,MVP-3DPOY-1ASNBA2,mournal01
47,Brent Barry,28,SEA,SG,80,74,2726,14.6,.609,.564,.222,2.0,13.1,7.5,16.0,1.9,0.8,15.5,14.9,4.9,2.5,7.5,.131,1.0,0.9,1.8,2.6,,barrybr01
48,Shandon Anderson,26,HOU,SF,82,82,2700,13.8,.567,.289,.325,3.9,11.9,8.0,14.3,1.8,0.8,17.9,17.6,3.0,1.9,4.9,.087,-0.3,-0.2,-0.5,1.1,,andersh01
49,Antonio McDyess,25,DEN,PF,81,81,2698,19.6,.539,.002,.426,9.4,18.4,13.8,10.9,1.3,3.5,13.8,26.9,3.3,2.9,6.2,.110,0.9,-0.1,0.7,1.9,,mcdyean01
50,Steve Smith,30,POR,SG,82,81,2689,17.3,.584,.268,.378,5.7,7.9,6.8,12.8,1.4,0.9,10.0,20.0,7.7,2.7,10.4,.186,2.8,0.1,2.9,3.3,,smithst01
51,Horace Grant,34,SEA,PF,76,76,2688,11.7,.472,.007,.185,6.7,17.5,12.0,10.2,1.1,1.6,8.6,11.6,2.7,2.5,5.2,.093,-1.0,0.3,-0.7,0.9,,grantho01
52,Othella Harrington,26,VAN,PF,82,82,2677,13.3,.560,.002,.359,8.7,16.5,12.6,6.3,0.7,1.6,18.4,20.0,2.0,1.0,3.0,.054,-1.7,-1.8,-3.5,-1.0,,harriot01
53,Jason Kidd,26,PHO,PG,67,67,2616,18.4,.498,.194,.287,4.2,16.1,10.3,40.1,2.6,0.8,19.0,20.0,3.7,4.8,8.5,.156,2.3,2.0,4.3,4.2,MVP-11DPOY-8ASNBA1,kiddja01
54,Kenny Anderson,29,BOS,PG,82,82,2593,17.4,.524,.223,.257,2.3,7.9,4.9,26.7,2.7,0.2,10.6,20.5,5.4,1.9,7.3,.136,1.7,0.1,1.8,2.5,,anderke01
55,Darrell Armstrong,31,ORL,PG,82,82,2590,19.5,.542,.360,.221,2.7,8.6,5.7,31.4,3.2,0.2,16.8,23.9,4.6,3.4,8.0,.149,3.6,0.9,4.5,4.3,MVP-13,armstda01
56,Terrell Brandon,29,MIN,PG,71,71,2587,20.8,.535,.127,.200,2.0,8.8,5.4,39.1,2.7,0.8,14.0,23.0,5.8,2.8,8.6,.159,3.9,0.3,4.3,4.1,,brandte01
57,Paul Pierce,22,BOS,SF,73,72,2583,19.8,.550,.255,.409,3.5,14.6,8.7,14.6,3.0,1.8,12.1,24.8,5.2,3.0,8.2,.152,3.0,0.9,3.9,3.9,,piercpa01
58,Avery Johnson,34,SAS,PG,82,82,2571,14.8,.500,.011,.182,1.5,5.3,3.5,32.5,1.6,0.5,13.2,19.0,3.3,3.0,6.3,.117,0.4,-0.1,0.3,1.5,,johnsav01
59,David Robinson,34,SAS,C,80,80,2557,24.6,.568,.002,.496,9.0,24.5,17.1,10.3,2.0,4.9,11.6,25.6,6.2,6.4,12.7,.238,3.1,2.7,5.8,5.0,ASNBA3,robinda01
60,Elden Campbell,31,CHH,C,78,77,2538,14.6,.500,.007,.432,7.6,18.3,13.1,8.5,1.1,4.1,11.4,19.7,1.7,3.9,5.5,.105,-1.5,0.6,-0.9,0.7,,campbel01
61,Glen Rice,32,LAL,SF,80,80,2530,16.2,.551,.234,.404,2.4,11.3,6.9,11.1,1.0,0.3,9.0,22.0,5.7,3.2,9.0,.170,1.2,-0.3,0.9,1.8,,ricegl01
62,Kobe Bryant,21,LAL,SG,66,62,2524,21.7,.546,.122,.341,4.6,12.9,8.8,22.4,2.2,1.7,11.8,26.8,6.1,4.5,10.6,.202,3.5,1.6,5.1,4.5,MVP-12DPOY-5ASNBA2,bryanko01
63,Cuttino Mobley,24,HOU,SG,81,8,2496,16.0,.545,.287,.347,2.7,10.1,6.5,14.3,1.8,0.8,13.7,23.9,3.6,1.6,5.2,.099,0.7,-0.8,-0.1,1.2,6MOY-2,moblecu01
64,Michael Olowokandi,24,LAC,C,80,77,2493,10.4,.467,.000,.250,8.4,21.4,14.7,2.6,0.7,3.8,17.4,18.1,-2.2,1.4,-0.8,-0.016,-4.6,-1.4,-6.0,-2.6,,olowomi01
65,Shawn Kemp,30,CLE,C,82,82,2492,17.2,.508,.005,.547,10.2,22.4,16.3,10.0,2.0,2.8,16.8,30.2,0.2,3.8,4.0,.077,-1.8,-0.3,-2.1,0.0,,kempsh01
66,Antonio Davis,31,TOR,C,79,78,2479,15.1,.520,.000,.521,10.3,21.5,15.7,6.7,0.8,2.8,12.1,17.8,3.5,2.6,6.1,.118,-1.0,-1.0,-2.0,0.0,,davisan01
67,Tracy McGrady,20,TOR,SF,79,34,2462,20.0,.509,.064,.385,8.3,14.7,11.4,18.8,1.9,4.3,11.8,24.3,3.7,2.9,6.6,.129,2.6,0.9,3.5,3.4,6MOY-3,mcgratr01
68,Mookie Blaylock,32,GSW,PG,73,72,2459,15.1,.468,.360,.114,2.2,9.8,5.8,31.8,3.0,0.6,14.0,17.5,1.9,1.4,3.3,.065,0.7,0.2,0.9,1.8,,blaylmo01
69,Christian Laettner,30,DET,C,82,82,2443,14.8,.539,.030,.365,8.3,17.9,13.1,12.4,1.7,1.3,16.7,20.1,2.7,2.4,5.1,.100,-0.8,0.0,-0.8,0.7,,laettch01
70,Raef LaFrentz,23,DEN,C,81,80,2435,16.3,.512,.208,.268,7.5,21.2,14.3,6.5,0.9,5.0,8.9,19.3,2.9,3.0,5.9,.116,-0.2,0.4,0.2,1.4,,lafrera01
71,John Stockton,37,UTA,PG,82,82,2432,22.4,.591,.167,.354,2.3,8.3,5.4,48.1,3.1,0.5,17.6,19.3,8.2,3.1,11.2,.222,5.0,1.7,6.6,5.3,AS,stockjo01
72,Charles Oakley,36,TOR,PF,80,80,2431,10.1,.459,.073,.152,5.2,20.2,12.4,15.8,2.2,1.3,20.5,13.7,-0.7,2.9,2.2,.044,-3.3,1.1,-2.2,-0.1,,oaklech01
73,George Lynch,29,PHI,SF,75,75,2416,13.7,.498,.056,.284,9.7,17.0,13.3,8.9,2.6,1.2,14.2,15.3,1.6,4.2,5.8,.116,-0.6,1.6,1.0,1.8,,lynchge01
74,Mitch Richmond,34,WAS,SG,74,69,2397,16.5,.536,.230,.324,1.8,8.6,5.1,13.5,2.4,0.4,11.4,25.0,3.8,1.4,5.2,.104,1.3,-0.2,1.1,1.9,,richmmi01
75,Malik Sealy,29,MIN,SF,82,61,2392,14.4,.530,.045,.279,5.7,11.4,8.6,12.6,1.7,0.6,11.2,18.6,3.4,2.1,5.5,.111,0.0,-0.3,-0.3,1.0,,sealyma01
76,Ron Mercer,23,2TM,SG,68,68,2377,12.7,.479,.044,.250,2.9,8.6,5.7,11.3,1.6,0.7,11.2,24.4,0.2,1.6,1.8,.036,-1.8,-1.3,-3.1,-0.6,,mercero01
76,Ron Mercer,23,DEN,SG,37,37,1408,13.4,.500,.064,.247,2.2,9.6,5.9,12.8,1.2,0.7,11.4,23.7,0.6,0.6,1.2,.040,-0.8,-1.8,-2.6,-0.2,,mercero01
76,Ron Mercer,23,ORL,SG,31,31,969,11.8,.452,.019,.254,3.9,7.1,5.5,9.2,2.1,0.6,11.0,25.3,-0.3,1.0,0.6,.031,-3.1,-0.6,-3.7,-0.4,,mercero01
77,Vlade Divac,31,SAC,C,82,81,2374,18.0,.552,.034,.436,7.6,21.3,14.4,15.4,2.1,2.8,17.3,19.3,3.0,4.1,7.2,.145,0.4,2.4,2.8,2.9,,divacvl01
78,Damon Stoudamire,26,POR,PG,78,78,2372,15.5,.508,.237,.162,3.2,8.6,6.0,28.4,1.7,0.0,13.5,21.5,3.6,2.5,6.1,.124,1.2,-0.3,0.9,1.7,,stoudda01
79,Lamond Murray,26,CLE,SF,74,72,2365,14.9,.517,.136,.263,5.9,14.2,10.0,10.1,2.2,1.1,13.9,24.3,0.7,2.6,3.3,.067,0.0,-0.3,-0.3,1.0,,murrala01
80,Kendall Gill,31,NJN,SF,76,75,2355,15.2,.465,.082,.267,3.7,9.8,6.7,15.3,3.1,1.2,7.7,21.9,1.6,2.1,3.7,.076,-0.7,0.7,0.0,1.2,DPOY-8,gillke01
81,Derrick Coleman,32,CHH,PF,74,64,2347,18.9,.541,.144,.385,6.1,23.8,15.1,13.5,0.7,3.8,13.1,25.2,2.7,3.8,6.5,.133,1.2,0.5,1.6,2.2,,colemde01
82,Bo Outlaw,28,ORL,PF,82,55,2326,15.3,.597,.009,.478,9.5,15.1,12.3,14.7,2.4,4.5,24.5,9.8,2.8,4.0,6.8,.140,0.9,3.6,4.5,3.8,DPOY-8,outlabo01
83,Larry Hughes,21,2TM,SG,82,37,2324,14.7,.467,.109,.329,5.0,11.4,8.1,15.8,2.5,0.9,12.9,27.8,-0.5,2.2,1.7,.036,-0.3,-0.6,-0.9,0.7,,hughela01
83,Larry Hughes,21,PHI,SG,50,5,1018,13.9,.479,.111,.308,5.6,11.8,8.6,13.0,2.7,0.9,15.4,26.7,-0.5,1.6,1.1,.050,-0.9,0.7,-0.2,0.5,,hughela01
83,Larry Hughes,21,GSW,SG,32,32,1306,15.4,.459,.108,.343,4.6,11.1,7.6,18.0,2.3,0.9,11.2,28.7,0.1,0.6,0.7,.025,0.2,-1.6,-1.4,0.2,,hughela01
84,Tyrone Nesby,24,LAC,SG,73,39,2317,12.6,.487,.307,.209,3.8,9.6,6.6,9.1,1.7,0.9,9.3,21.1,1.1,0.2,1.3,.027,-1.0,-1.7,-2.7,-0.4,,nesbyty01
85,Dan Majerle,34,MIA,SG,69,69,2308,11.4,.559,.720,.164,1.4,14.6,8.3,13.2,2.1,0.5,12.1,10.4,2.8,3.3,6.1,.126,-0.2,2.1,1.9,2.3,,majerda01
86,P.J. Brown,30,MIA,PF,80,80,2302,15.3,.516,.001,.237,11.4,18.4,15.1,10.3,1.5,1.9,11.9,17.1,3.3,3.6,6.9,.143,-0.3,0.6,0.3,1.4,,brownpj01
87,Rodney Rogers,28,PHO,PF,82,7,2286,17.1,.570,.297,.283,6.9,14.8,10.9,12.5,2.1,1.5,14.1,22.2,3.4,3.9,7.4,.154,1.5,1.1,2.6,2.7,6MOY-1,rogerro01
88,Larry Johnson,30,NYK,PF,70,68,2281,12.4,.517,.267,.256,4.7,14.8,9.9,12.6,1.0,0.2,11.5,17.0,2.3,2.7,5.1,.107,0.3,0.4,0.7,1.6,,johnsla02
89,Doug Christie,29,TOR,SG,73,73,2264,15.8,.526,.360,.283,3.0,11.4,7.0,23.0,2.3,1.3,14.4,19.6,3.0,2.0,5.1,.108,1.1,0.2,1.4,1.9,,chrisdo01
90,Anfernee Hardaway,28,PHO,SG,60,60,2253,17.9,.549,.128,.358,4.6,12.4,8.6,22.8,2.1,1.2,14.2,21.1,4.2,3.6,7.8,.165,1.9,1.6,3.5,3.1,,hardaan01
91,Jamie Feick,25,NJN,C,81,17,2241,12.3,.477,.007,.314,12.6,25.2,18.7,4.5,1.0,1.2,10.9,10.8,2.6,2.3,4.8,.103,-0.9,-1.4,-2.3,-0.2,,feickja01
92,Metta World Peace,20,CHI,SF,72,63,2238,13.4,.491,.252,.368,3.2,13.1,8.1,17.7,2.9,1.3,15.8,21.4,-0.3,2.6,2.3,.050,-1.1,0.9,-0.2,1.0,,artesro01
93,Maurice Taylor,23,LAC,PF,62,60,2227,13.4,.492,.008,.203,4.6,15.8,10.0,8.6,1.2,1.5,13.6,24.8,-0.8,0.5,-0.3,-0.007,-1.9,-1.9,-3.8,-1.0,,tayloma01
94,Mario Elie,36,SAS,SF,79,79,2217,10.4,.565,.407,.326,2.6,9.9,6.4,13.3,1.7,0.3,19.9,13.6,1.5,3.0,4.6,.099,-1.4,1.2,-0.3,1.0,,eliema01
95,Bob Sura,26,CLE,SG,73,45,2216,15.6,.545,.407,.308,2.5,12.1,7.3,21.8,2.1,0.6,13.8,21.1,2.9,2.1,4.9,.107,1.4,0.3,1.7,2.1,,surabo01
96,Derek Anderson,25,LAC,SG,64,58,2201,16.9,.542,.207,.359,3.9,9.3,6.5,17.9,2.1,0.3,14.4,23.4,3.1,0.3,3.3,.073,1.2,-1.2,-0.1,1.1,,anderde01
97,Mark Jackson,34,IND,PG,81,81,2190,17.7,.538,.388,.172,3.4,11.5,7.6,45.0,1.8,0.3,22.1,16.3,4.6,2.0,6.7,.146,3.5,-0.4,3.1,2.8,,jacksma01
98,Rod Strickland,33,WAS,PG,69,67,2188,17.1,.485,.028,.400,3.8,9.9,6.8,38.9,2.2,0.6,17.3,22.0,2.4,1.3,3.7,.081,1.8,-0.8,1.0,1.6,,stricro02
99,Wally Szczerbiak,22,MIN,SF,73,53,2171,15.4,.571,.117,.241,4.7,9.9,7.3,14.2,1.4,0.8,10.1,17.1,4.5,1.7,6.2,.137,1.0,-0.1,0.9,1.6,,szczewa02
100,Jason Caffey,26,GSW,PF,71,56,2159,12.4,.515,.003,.511,8.7,15.2,11.7,9.1,1.4,0.7,17.1,19.4,0.7,0.9,1.6,.035,-2.3,-1.7,-4.0,-1.1,,caffeja01
101,Tyrone Hill,31,PHI,PF,68,65,2155,14.6,.529,.002,.395,11.1,21.1,16.0,4.0,1.5,0.9,13.9,18.2,2.2,3.5,5.7,.128,-1.0,-0.4,-1.4,0.3,,hillty01
102,Jeff Hornacek,36,UTA,SG,77,77,2133,16.3,.590,.190,.247,2.9,7.4,5.2,16.3,1.7,0.6,12.3,19.9,4.7,1.8,6.5,.147,2.0,-0.1,1.9,2.1,,hornaje01
103,Ervin Johnson,32,MIL,C,80,74,2129,12.7,.550,.004,.563,12.8,22.7,17.8,2.8,2.0,4.5,18.7,8.9,2.4,2.6,4.9,.111,-1.3,0.9,-0.4,0.9,,johnser02
104,Dale Davis,30,IND,C,74,72,2127,17.4,.537,.000,.337,14.0,24.0,19.2,4.8,1.3,2.9,11.6,16.7,3.8,3.3,7.1,.161,0.7,0.1,0.8,1.5,AS,davisda01
105,George McCloud,32,DEN,SF,78,11,2118,13.2,.548,.444,.284,3.7,11.0,7.3,18.0,1.1,0.8,15.7,17.5,2.7,1.0,3.8,.086,0.5,-0.7,-0.2,1.0,,mccloge01
106,Jerome Williams,26,DET,PF,82,1,2102,17.9,.593,.007,.623,15.3,28.2,21.7,5.0,2.3,0.7,15.3,14.3,4.6,3.0,7.6,.174,1.7,-0.5,1.2,1.7,6MOY-5,willije01
107,Ruben Patterson,24,SEA,SF,81,74,2097,18.8,.587,.041,.486,11.3,11.4,11.3,9.7,2.3,1.3,15.2,19.9,4.6,2.1,6.7,.153,1.8,0.1,1.9,2.1,,patteru01
108,Howard Eisley,27,UTA,PG,82,5,2096,11.5,.492,.241,.151,1.4,8.4,4.9,26.9,1.5,0.3,15.5,18.8,1.3,1.8,3.0,.069,-1.1,-0.5,-1.7,0.2,,eisleho01
109,Nick Anderson,32,SAC,SG,72,72,2094,11.8,.479,.508,.097,4.1,12.8,8.4,8.6,2.2,0.5,10.4,18.1,0.3,2.5,2.8,.064,-0.6,0.3,-0.3,0.9,,anderni01
110,Tim Thomas,22,MIL,SF,80,1,2093,14.7,.549,.242,.323,5.6,12.9,9.3,8.5,1.5,1.1,13.0,21.0,3.0,0.8,3.8,.088,0.5,-1.3,-0.8,0.6,,thomati01
111,Andre Miller,23,CLE,PG,82,36,2093,17.9,.517,.065,.387,4.5,10.5,7.5,38.7,2.0,0.6,15.8,21.8,3.5,1.8,5.3,.122,1.9,0.0,1.9,2.1,ROY-4,millean02
112,Isaiah Rider,28,ATL,SG,60,47,2084,15.7,.488,.168,.243,3.3,10.2,6.8,19.4,1.0,0.2,12.4,28.8,1.2,0.4,1.6,.037,0.9,-2.3,-1.4,0.3,,rideris01
113,Anthony Peeler,30,MIN,SG,82,22,2073,13.2,.520,.352,.150,3.2,9.9,6.5,14.3,1.6,0.3,9.9,18.7,2.4,1.6,4.1,.094,0.0,-0.5,-0.5,0.8,,peelean01
114,Donyell Marshall,26,GSW,PF,64,51,2071,17.1,.478,.164,.304,9.0,24.2,16.2,13.5,1.7,2.3,11.4,21.9,1.9,1.9,3.8,.088,1.2,-0.5,0.7,1.4,,marshdo01
115,Cedric Ceballos,30,DAL,SF,69,25,2064,18.1,.516,.134,.248,9.0,15.0,12.0,7.4,1.4,0.8,10.1,26.4,2.7,1.3,4.0,.094,1.2,-2.2,-1.0,0.5,6MOY-3,cebalce01
116,Wesley Person,28,CLE,SG,79,38,2056,12.0,.528,.382,.118,2.4,12.3,7.3,11.6,1.0,0.7,8.0,15.8,2.3,1.3,3.7,.086,0.8,-0.5,0.3,1.2,,persowe01
117,James Posey,23,DEN,SF,81,77,2052,13.0,.550,.410,.280,4.5,12.4,8.4,10.8,2.4,1.1,13.6,14.8,2.5,1.9,4.3,.101,-0.5,1.2,0.7,1.4,,poseyja01
118,Ron Harper,36,LAL,PG,80,78,2042,12.0,.468,.200,.277,5.1,12.5,8.8,19.2,2.1,1.3,18.1,15.6,0.4,3.5,4.0,.093,-1.2,1.9,0.6,1.3,,harpero01
119,Patrick Ewing,37,NYK,C,62,62,2035,16.9,.516,.003,.365,8.4,26.2,17.6,5.2,1.0,3.1,13.6,24.3,0.9,3.9,4.8,.113,-0.6,0.4,-0.2,0.9,,ewingpa01
120,Erick Strickland,26,DAL,SG,68,67,2025,16.5,.531,.255,.267,3.7,13.4,8.6,15.9,2.6,0.4,11.1,20.0,3.2,1.7,4.9,.116,0.5,0.6,1.1,1.6,,stricer01
121,Charlie Ward,29,NYK,PG,72,69,1986,13.6,.559,.591,.130,1.4,11.9,6.8,23.8,2.6,0.6,17.8,13.7,2.5,3.0,5.5,.133,0.3,2.5,2.8,2.4,,wardch01
122,Joe Smith,24,MIN,C,78,9,1975,14.4,.525,.002,.414,10.8,17.7,14.3,6.7,1.2,3.1,13.9,19.5,2.2,2.5,4.7,.114,-2.1,-0.3,-2.4,-0.2,,smithjo02
123,Kurt Thomas,27,NYK,PF,80,21,1971,13.6,.542,.006,.239,8.9,21.1,15.2,7.0,1.4,1.6,15.1,16.7,1.9,3.4,5.2,.127,-1.4,1.4,-0.1,1.0,,thomaku01
124,Ben Wallace,25,ORL,PF,81,81,1959,14.4,.508,.000,.341,11.8,25.2,18.5,4.8,1.8,4.6,14.9,9.7,1.7,3.9,5.6,.138,-0.3,2.1,1.8,1.9,,wallabe01
125,Aaron McKie,27,PHI,SG,82,14,1952,13.2,.497,.204,.246,2.6,11.4,7.0,19.5,2.9,0.7,14.7,17.3,1.3,3.0,4.3,.105,-1.1,2.2,1.2,1.5,,mckieaa01
126,A.C. Green,36,LAL,PF,82,82,1929,11.2,.482,.010,.245,9.0,17.9,13.5,5.9,1.4,0.7,11.0,11.0,1.7,3.3,5.0,.124,-1.1,0.8,-0.3,0.8,,greenac01
127,Adrian Griffin,25,BOS,SG,72,47,1927,12.6,.503,.138,.383,7.2,15.2,11.0,13.4,3.1,0.6,16.2,13.0,1.8,2.1,3.9,.098,-0.9,1.4,0.6,1.3,,griffad01
128,Bimbo Coles,31,ATL,PG,80,54,1924,12.9,.494,.064,.171,1.7,8.1,4.9,24.6,1.6,0.4,13.6,17.4,1.8,0.5,2.3,.058,-1.6,-0.6,-2.2,-0.1,,colesbi01
129,Shawn Bradley,27,DAL,C,77,54,1901,17.0,.521,.009,.268,9.1,18.9,14.0,4.7,1.9,6.8,10.7,16.1,2.3,2.7,5.1,.128,-1.0,1.9,0.8,1.4,,bradlsh01
130,Kerry Kittles,25,NJN,SG,62,61,1896,16.1,.535,.344,.182,2.6,10.9,6.6,12.7,2.2,0.7,6.9,19.0,3.5,1.2,4.7,.119,1.7,0.0,1.6,1.7,,kittlke01
131,Jason Terry,22,ATL,PG,81,27,1888,13.9,.497,.262,.233,1.4,8.2,4.8,29.3,2.5,0.3,19.1,19.2,0.9,0.9,1.9,.047,-0.4,-0.6,-1.0,0.5,,terryja01
132,Austin Croshere,24,IND,PF,81,14,1885,16.7,.553,.266,.354,8.3,21.8,15.3,7.6,1.2,2.1,13.8,21.1,2.8,2.6,5.4,.138,0.7,0.0,0.7,1.3,,croshau01
133,Walt Williams,29,HOU,SF,76,66,1859,15.6,.562,.383,.181,4.3,14.0,9.2,14.3,1.3,1.5,13.3,20.0,3.0,1.4,4.4,.114,1.4,-0.1,1.3,1.5,,williwa02
134,Anthony Carter,24,MIA,PG,79,30,1859,11.0,.442,.045,.244,3.1,9.0,6.2,31.7,2.7,0.2,23.5,18.5,-1.0,2.4,1.4,.036,-3.0,0.2,-2.7,-0.4,,cartean01
135,Rik Smits,33,IND,C,79,79,1852,17.3,.518,.001,.237,5.9,17.9,12.1,8.5,0.6,3.6,9.9,26.8,1.6,2.2,3.8,.099,-1.3,-0.2,-1.5,0.2,,smitsri01
136,Keon Clark,24,DEN,C,81,20,1850,15.9,.573,.015,.333,9.5,20.4,14.9,6.2,1.2,4.2,17.1,17.2,2.0,2.2,4.2,.109,-1.0,0.8,-0.2,0.8,,clarkke01
137,Terry Mills,32,DET,PF,82,78,1842,11.0,.545,.496,.070,3.1,21.3,12.3,7.1,1.0,0.9,8.4,13.1,2.1,1.7,3.8,.099,-0.4,0.1,-0.3,0.8,,millste01
138,Tracy Murray,28,WAS,SF,80,8,1831,14.1,.555,.393,.210,3.9,13.2,8.5,6.5,1.3,0.9,10.3,19.8,2.9,0.9,3.8,.101,1.6,-1.0,0.6,1.2,,murratr01
139,Andrew DeClercq,26,CLE,C,82,31,1831,11.4,.530,.000,.361,9.4,17.5,13.4,5.1,1.7,2.6,17.4,14.8,0.6,2.3,2.9,.077,-2.9,0.6,-2.3,-0.2,,declean01
140,Olden Polynice,35,UTA,C,82,79,1819,10.4,.497,.005,.226,11.4,18.8,15.2,3.2,0.9,3.5,13.8,12.9,0.7,2.5,3.2,.084,-2.8,0.0,-2.8,-0.4,,polynol01
141,Hubert Davis,29,DAL,PG,79,15,1817,10.8,.585,.360,.166,1.0,6.9,4.0,11.2,0.7,0.1,12.3,13.8,2.5,0.0,2.5,.067,-0.4,-1.6,-2.0,0.0,,davishu01
142,Chris Gatling,32,2TM,PF,85,0,1811,17.3,.525,.087,.465,9.2,21.0,15.1,6.7,2.3,0.9,14.9,26.7,1.3,2.6,4.0,.105,-0.7,-0.2,-1.0,0.5,,gatlich01
142,Chris Gatling,32,ORL,PF,45,0,1041,17.4,.525,.050,.530,9.5,21.5,15.5,6.4,2.3,0.7,15.6,27.2,0.8,1.7,2.5,.115,-0.8,-0.1,-0.9,0.3,,gatlich01
142,Chris Gatling,32,DEN,PF,40,0,770,17.1,.525,.138,.376,8.8,20.2,14.5,7.1,2.2,1.2,13.9,26.0,0.6,0.9,1.5,.092,-0.6,-0.4,-1.0,0.2,,gatlich01
143,Derek Fisher,25,LAL,PG,78,22,1803,9.6,.449,.344,.300,1.3,7.1,4.2,17.1,2.3,0.1,12.1,15.1,0.5,2.6,3.1,.083,-2.9,1.3,-1.6,0.2,,fishede01
144,Vitaly Potapenko,24,BOS,C,79,72,1797,13.8,.527,.002,.260,11.0,21.2,15.8,7.1,1.2,1.2,17.5,20.0,1.0,1.5,2.5,.066,-1.8,-1.7,-3.5,-0.7,,potapvi01
145,Kenny Thomas,22,HOU,PF,72,29,1797,12.0,.477,.230,.394,9.4,17.7,13.6,9.8,1.5,0.8,15.2,18.0,0.6,1.6,2.2,.058,-1.8,-0.8,-2.6,-0.3,,thomake01
146,Theo Ratliff,26,PHI,PF,57,56,1795,16.7,.568,.000,.481,8.5,18.4,13.4,3.3,0.9,7.0,15.4,17.2,2.2,3.3,5.6,.149,-0.8,2.0,1.2,1.4,,ratlith01
147,Vonteego Cummings,23,GSW,PG,75,11,1793,12.9,.484,.231,.258,3.1,7.9,5.4,22.6,2.6,0.5,15.3,20.2,0.7,0.7,1.3,.036,-1.2,-0.5,-1.7,0.2,,cummivo01
148,Toni Kukoč,31,2TM,SF,56,31,1784,16.9,.491,.231,.364,4.7,12.8,8.7,27.9,2.3,1.2,14.7,24.9,1.1,2.2,3.4,.091,1.9,0.5,2.4,2.0,,kukocto01
148,Toni Kukoč,31,CHI,SF,24,23,868,17.5,.473,.201,.399,4.9,12.8,8.8,29.9,2.7,1.6,14.1,28.0,0.2,1.0,1.2,.067,1.8,0.2,2.0,0.9,,kukocto01
148,Toni Kukoč,31,PHI,SF,32,8,916,16.4,.512,.265,.324,4.5,12.9,8.6,26.0,1.9,0.7,15.5,22.0,0.9,1.2,2.2,.113,2.0,0.8,2.8,1.1,,kukocto01
149,Bryant Reeves,26,VAN,C,69,67,1773,10.6,.481,.007,.294,8.4,18.0,13.2,7.9,1.0,1.5,15.8,19.3,-0.2,0.9,0.6,.017,-3.4,-1.4,-4.9,-1.3,,reevebr01
150,Tom Gugliotta,30,PHO,PF,54,54,1767,16.4,.519,.012,.234,9.1,17.5,13.4,11.6,2.3,1.3,13.0,20.4,1.9,3.3,5.2,.140,0.2,1.2,1.4,1.5,,guglito01
151,Johnny Newman,36,NJN,SF,82,9,1763,13.6,.566,.305,.368,2.4,7.5,4.9,6.2,1.6,0.4,11.0,20.5,2.9,0.6,3.5,.095,-0.6,-1.3,-1.9,0.1,,newmajo01
152,Brevin Knight,24,CLE,PG,65,46,1754,15.3,.471,.018,.330,2.4,10.0,6.1,42.2,3.1,0.9,19.7,19.7,0.8,2.0,2.8,.077,-0.4,0.6,0.2,1.0,,knighbr01
153,Peja Stojaković,22,SAC,SF,74,11,1749,16.3,.559,.372,.213,4.4,12.1,8.2,9.4,1.4,0.3,10.1,20.8,3.2,1.7,4.8,.133,2.0,-0.4,1.6,1.6,6MOY-6,stojape01
154,Muggsy Bogues,35,TOR,PG,80,5,1731,12.5,.517,.142,.243,1.6,7.4,4.4,26.0,1.9,0.2,13.0,11.6,2.7,0.9,3.7,.102,-1.5,-0.1,-1.6,0.2,,boguemu01
155,Rasho Nesterović,23,MIN,C,82,55,1723,11.0,.492,.005,.238,9.0,16.6,12.8,7.8,0.6,3.6,12.9,14.4,1.0,1.9,3.0,.082,-2.9,0.3,-2.6,-0.2,,nestera01
156,Eric Piatkowski,29,LAC,SF,75,23,1712,13.0,.530,.424,.175,4.7,10.0,7.2,8.0,1.3,0.5,8.5,17.5,2.3,-0.1,2.3,.064,0.1,-2.1,-1.9,0.0,,piatker01
157,Mark Bryant,34,CLE,PF,75,50,1712,8.9,.547,.000,.272,8.1,14.9,11.5,5.5,0.9,1.3,18.3,12.0,1.0,1.4,2.4,.067,-3.4,-0.2,-3.5,-0.7,,bryanma01
158,Corliss Williamson,26,SAC,SF,76,76,1707,14.0,.549,.000,.341,7.4,10.3,8.9,7.4,1.1,0.7,13.3,20.2,2.2,1.4,3.6,.102,-1.2,-0.9,-2.1,0.0,,willico02
159,Travis Best,27,IND,PG,82,0,1691,16.5,.569,.166,.339,1.1,8.1,4.7,26.3,2.3,0.2,14.2,20.2,3.5,1.6,5.1,.145,0.0,0.7,0.7,1.2,,besttr01
160,Jaren Jackson,32,SAS,SG,81,12,1691,9.7,.503,.627,.105,2.4,9.5,6.1,11.0,1.7,0.3,11.4,15.7,0.8,2.3,3.1,.087,-1.3,0.8,-0.5,0.6,,jacksja01
161,Arvydas Sabonis,35,POR,C,66,61,1688,20.3,.568,.032,.331,7.1,27.6,17.9,12.0,1.4,3.4,12.4,21.4,3.6,3.5,7.1,.203,1.7,1.9,3.6,2.4,,sabonar01
162,Robert Horry,29,LAL,PF,76,0,1685,14.3,.528,.259,.311,8.6,14.3,11.5,10.0,2.6,3.3,15.0,12.7,2.1,3.6,5.7,.161,-0.1,3.1,3.0,2.2,,horryro01
163,John Amaechi,29,ORL,C,80,53,1684,13.2,.505,.009,.416,4.0,13.2,8.6,9.1,1.0,1.5,14.4,24.1,0.6,1.8,2.4,.067,-1.8,-0.8,-2.5,-0.2,,amaecjo01
164,Kevin Willis,37,TOR,PF,79,1,1679,12.3,.471,.005,.288,13.0,19.4,16.1,4.8,1.1,2.0,13.3,19.5,0.7,1.6,2.3,.066,-3.5,-2.1,-5.6,-1.5,,willike02
165,Chris Childs,32,NYK,PG,71,2,1675,8.6,.491,.291,.165,1.2,8.9,5.2,26.4,1.2,0.2,21.5,13.8,0.4,1.7,2.1,.061,-2.9,0.5,-2.4,-0.2,,childch01
166,Tim Hardaway,33,MIA,PG,52,52,1672,16.4,.500,.401,.208,1.8,8.3,5.2,38.2,1.6,0.2,14.6,22.8,2.6,1.6,4.3,.123,2.9,-1.1,1.8,1.6,,hardati01
167,Detlef Schrempf,37,POR,SF,77,6,1662,14.5,.544,.120,.497,5.9,17.0,11.8,18.2,1.2,0.8,15.9,17.4,2.9,2.2,5.2,.149,0.3,0.8,1.1,1.3,,schrede01
168,Adonal Foyle,24,GSW,C,76,59,1654,12.3,.500,.000,.237,10.4,16.9,13.5,4.0,0.8,5.8,14.5,12.5,0.7,1.2,1.9,.055,-2.8,-0.1,-2.9,-0.4,,foylead01
169,Dickey Simpkins,27,CHI,PF,69,48,1651,5.5,.439,.004,.438,8.6,17.9,13.2,10.4,0.7,1.0,28.1,12.6,-2.0,1.3,-0.7,-0.021,-5.8,-0.4,-6.3,-1.8,,simpkdi01
170,Chris Whitney,28,WAS,PG,82,15,1627,15.6,.554,.489,.253,1.4,8.2,4.7,30.7,1.7,0.2,15.6,18.7,3.3,0.6,4.0,.117,2.0,-0.9,1.1,1.2,,whitnch01
171,Chucky Atkins,25,ORL,PG,82,0,1626,14.4,.489,.220,.179,1.3,7.1,4.2,30.9,1.6,0.1,15.1,24.3,1.1,1.3,2.4,.072,0.6,-1.4,-0.8,0.5,,atkinch01
172,Randy Brown,31,CHI,PG,59,55,1625,7.3,.402,.014,.193,1.6,8.9,5.2,22.6,2.0,0.7,18.2,16.2,-2.0,1.2,-0.8,-0.024,-4.6,-0.2,-4.8,-1.2,,brownra02
173,Hersey Hawkins,33,CHI,SG,61,49,1622,11.4,.562,.376,.317,2.2,10.6,6.3,15.0,2.4,0.7,19.0,14.9,1.1,1.5,2.6,.077,-2.1,0.8,-1.3,0.3,,hawkihe01
174,Sam Perkins,38,IND,PF,81,0,1620,12.1,.555,.494,.220,4.6,15.0,10.0,6.4,1.0,1.3,11.5,15.3,1.9,1.6,3.5,.103,0.6,0.1,0.6,1.1,,perkisa01
175,Clarence Weatherspoon,29,MIA,PF,78,2,1615,16.2,.566,.000,.437,9.6,21.9,16.1,9.3,1.7,2.2,16.7,17.3,2.2,2.9,5.1,.152,0.0,1.2,1.2,1.3,,weathcl01
176,Terry Porter,36,SAS,PG,68,8,1613,16.6,.596,.447,.367,1.8,11.3,6.7,22.3,1.6,0.4,15.7,18.3,3.4,2.3,5.6,.168,2.5,0.8,3.4,2.2,,portete01
177,Michael Curry,31,DET,SG,82,3,1611,8.6,.559,.013,.443,1.5,6.0,3.7,8.3,1.0,0.2,13.9,14.3,1.6,0.5,2.0,.060,-3.2,-0.8,-4.0,-0.8,,currymi01
178,Greg Ostertag,26,UTA,C,81,3,1606,13.5,.525,.004,.700,13.3,23.0,18.3,1.7,0.7,8.2,18.4,12.3,1.2,3.0,4.2,.124,-1.9,1.7,-0.3,0.7,,ostergr01
179,Troy Hudson,23,LAC,PG,62,38,1592,11.6,.468,.357,.176,1.9,8.7,5.2,25.3,1.4,0.0,15.6,19.2,0.1,-0.2,-0.2,-0.005,-0.9,-2.5,-3.4,-0.6,,hudsotr01
180,Kelvin Cato,25,HOU,C,65,32,1581,15.9,.574,.010,.517,7.4,19.9,13.8,2.7,1.1,5.1,12.6,15.7,2.3,2.0,4.2,.128,-1.2,0.9,-0.2,0.7,,catoke01
181,Tariq Abdul-Wahad,25,2TM,SG,61,56,1578,13.6,.477,.036,.299,7.0,13.1,10.0,10.0,1.8,1.2,12.7,22.5,0.4,1.8,2.2,.068,-1.2,-0.1,-1.2,0.3,,abdulta01
181,Tariq Abdul-Wahad,25,ORL,SG,46,46,1205,14.4,.484,.041,.293,7.0,14.6,10.8,9.7,2.2,0.9,13.0,23.3,0.4,1.6,2.0,.082,-1.0,0.2,-0.8,0.4,,abdulta01
181,Tariq Abdul-Wahad,25,DEN,SG,15,10,373,10.8,.448,.015,.321,6.9,8.2,7.6,11.0,0.8,2.2,11.3,19.7,0.0,0.2,0.2,.023,-1.7,-0.9,-2.5,0.0,,abdulta01
182,Rashard Lewis,20,SEA,SF,82,8,1575,16.5,.543,.212,.217,8.7,14.7,11.7,7.3,2.0,1.6,11.2,19.6,2.4,1.7,4.1,.125,0.7,0.0,0.6,1.0,,lewisra02
183,Antawn Jamison,23,GSW,SF,43,41,1556,16.7,.496,.009,.275,10.9,13.5,12.1,10.9,1.0,0.7,11.8,26.0,1.1,0.3,1.4,.043,1.2,-2.8,-1.6,0.2,,jamisan01
184,Marcus Camby,25,NYK,C,59,11,1548,19.0,.529,.004,.469,13.7,21.3,17.7,5.4,1.5,5.7,11.2,19.6,2.6,3.2,5.9,.182,0.5,1.9,2.3,1.7,6MOY-6,cambyma01
185,Greg Anthony,32,POR,PG,82,3,1548,13.0,.551,.560,.274,1.4,8.4,5.1,20.5,2.0,0.4,15.4,16.4,2.3,1.8,4.1,.128,0.4,0.8,1.2,1.2,,anthogr01
186,Aaron Williams,28,WAS,PF,81,0,1545,17.7,.572,.007,.447,11.7,18.9,15.2,6.2,1.4,4.3,12.9,17.8,3.2,1.6,4.8,.150,0.0,0.4,0.3,0.9,,williaa01
187,Jahidi White,23,WAS,C,80,59,1537,15.7,.524,.000,.469,15.0,26.6,20.7,1.6,1.0,3.9,14.8,18.4,1.3,1.9,3.2,.101,-1.6,-1.1,-2.7,-0.3,,whiteja01
188,Steve Nash,25,DAL,PG,56,27,1532,13.5,.601,.410,.234,2.4,6.1,4.2,25.5,1.2,0.1,20.3,14.5,2.8,0.2,3.0,.094,0.6,-1.5,-0.9,0.4,,nashst01
189,Baron Davis,20,CHH,PG,82,0,1523,12.9,.486,.256,.353,3.6,8.4,6.1,32.6,3.3,0.9,21.9,18.9,-0.1,2.2,2.1,.065,-2.0,1.2,-0.8,0.5,,davisba01
190,Lucious Harris,29,NJN,SG,77,11,1510,13.3,.506,.248,.214,3.8,10.2,6.9,10.7,2.2,0.3,7.7,16.2,1.9,0.9,2.8,.089,-0.4,0.0,-0.5,0.6,,harrilu01
191,Tony Battie,23,BOS,C,82,4,1505,15.1,.515,.017,.329,10.9,20.6,15.5,6.7,1.6,3.5,11.3,17.1,2.0,1.7,3.8,.120,-1.3,-0.1,-1.4,0.2,,battito01
192,Monty Williams,28,ORL,SF,75,23,1501,13.8,.533,.009,.309,7.0,11.2,9.1,11.3,1.5,0.8,15.1,20.2,1.5,1.6,3.1,.099,-1.1,0.0,-1.1,0.3,,willimo01
193,Scott Williams,31,MIL,C,68,46,1488,15.6,.539,.000,.303,14.0,21.2,17.6,2.9,1.4,3.3,11.9,16.4,2.5,1.4,3.9,.124,-0.9,-1.1,-2.0,0.0,,willisc01
194,Pat Garrity,23,ORL,SF,82,1,1479,11.9,.532,.337,.190,3.2,12.2,7.7,6.2,1.0,0.9,11.8,20.4,1.4,1.4,2.8,.091,-1.0,-0.6,-1.6,0.2,,garripa01
195,Rick Fox,30,LAL,SF,82,1,1473,11.7,.502,.363,.157,4.6,9.7,7.2,14.4,1.8,1.2,14.0,18.5,0.9,2.3,3.2,.104,-1.6,0.9,-0.6,0.5,,foxri01
196,Voshon Lenard,26,MIA,SG,53,13,1434,13.9,.518,.407,.189,3.1,8.9,6.2,16.1,1.5,0.8,11.7,22.3,1.5,1.5,3.0,.100,0.5,-0.4,0.1,0.8,,lenarvo01
197,Luc Longley,31,PHO,C,72,68,1417,8.8,.512,.000,.243,8.0,17.2,12.7,8.4,0.8,2.1,23.5,18.0,-0.9,2.2,1.3,.044,-5.0,0.4,-4.6,-0.9,,longllu01
198,Matt Geiger,30,PHI,C,65,20,1406,13.9,.483,.007,.238,11.9,18.6,15.2,4.9,1.1,1.1,12.3,23.1,0.6,2.0,2.6,.088,-2.1,-1.4,-3.5,-0.5,,geigema01
199,Eric Williams,27,BOS,SF,68,17,1378,11.8,.531,.187,.438,4.3,8.8,6.5,10.3,1.6,0.9,12.5,16.6,1.8,0.7,2.5,.088,-1.0,-0.7,-1.7,0.1,,willier01
200,Richard Hamilton,21,WAS,SG,71,12,1373,11.6,.482,.127,.220,3.1,7.7,5.4,13.7,1.1,0.3,11.2,24.2,0.4,0.3,0.7,.024,-1.4,-2.2,-3.7,-0.6,,hamilri01
201,Corey Maggette,20,ORL,SF,77,5,1370,14.1,.553,.023,.557,9.8,14.3,12.0,7.0,0.9,1.3,19.1,22.1,1.2,1.4,2.6,.091,-1.5,-1.0,-2.5,-0.2,,maggeco01
202,Malik Rose,25,SAS,PF,74,3,1341,13.2,.525,.008,.514,11.8,16.4,14.2,5.7,1.4,2.7,17.3,19.7,0.9,2.4,3.4,.120,-3.1,0.5,-2.6,-0.2,,rosema01
203,Scott Burrell,29,NJN,SF,74,9,1336,14.2,.511,.554,.119,5.2,16.5,10.6,8.6,2.6,2.3,7.9,16.0,1.7,1.5,3.2,.115,0.2,0.9,1.1,1.0,,burresc01
204,Scot Pollard,24,SAC,C,76,5,1336,15.8,.584,.000,.562,13.0,18.5,15.8,4.5,2.0,2.9,12.4,12.6,2.9,2.2,5.1,.183,-0.9,1.0,0.1,0.7,,pollasc01
205,Michael Doleac,22,ORL,C,81,29,1335,13.3,.490,.004,.178,7.3,20.0,13.6,7.6,1.1,1.8,10.1,20.2,1.1,1.9,3.0,.106,-2.6,0.0,-2.6,-0.2,,doleami01
206,Danny Ferry,33,CLE,PF,63,3,1326,11.8,.571,.197,.150,4.6,15.6,10.0,8.3,0.8,1.3,12.0,15.1,1.6,1.1,2.7,.099,-1.1,-0.2,-1.4,0.2,,ferryda01
207,Brian Grant,27,POR,PF,63,14,1322,14.0,.540,.006,.472,11.4,18.9,15.3,7.7,1.3,1.6,16.5,17.8,1.5,2.0,3.5,.128,-1.1,0.2,-0.8,0.4,,grantbr01
208,Jerome Kersey,37,SAS,SF,72,18,1310,10.0,.431,.025,.116,5.3,13.9,9.8,8.3,2.7,2.5,12.1,14.9,-0.5,2.6,2.1,.077,-3.2,2.9,-0.3,0.6,,kerseje01
209,LaPhonso Ellis,29,ATL,PF,58,8,1309,13.9,.481,.045,.205,8.2,16.1,12.1,7.6,1.3,1.3,9.3,18.9,1.1,0.8,1.9,.070,-1.0,-0.9,-1.9,0.0,,ellisla01
210,Calbert Cheaney,28,BOS,SG,67,19,1309,6.7,.473,.198,.077,1.9,10.6,6.0,9.0,1.7,0.8,14.0,10.9,0.0,0.8,0.8,.029,-3.8,0.1,-3.7,-0.6,,cheanca01
211,Billy Owens,30,2TM,SF,62,11,1305,10.0,.462,.095,.296,8.0,17.4,12.5,11.6,1.3,1.2,17.4,16.3,-0.3,1.5,1.2,.045,-2.9,0.3,-2.6,-0.2,,owensbi01
211,Billy Owens,30,PHI,PF,46,7,919,9.8,.474,.105,.248,7.5,15.8,11.5,10.1,1.5,1.3,17.6,16.6,-0.3,1.3,1.1,.055,-3.0,0.8,-2.2,0.0,,owensbi01
211,Billy Owens,30,GSW,SF,16,4,386,10.5,.435,.070,.420,9.2,21.2,14.8,14.9,0.9,0.9,16.8,15.5,0.0,0.2,0.2,.020,-2.7,-1.0,-3.7,-0.2,,owensbi01
212,Bryce Drew,25,HOU,PG,72,5,1293,10.9,.481,.395,.128,2.0,6.8,4.5,19.7,1.6,0.1,13.1,17.1,0.9,0.5,1.3,.050,-1.2,-0.9,-2.1,-0.1,,drewbr01
213,Jon Barry,30,SAC,SG,62,1,1281,15.9,.623,.445,.335,3.1,9.9,6.5,16.7,2.8,0.4,17.6,15.7,2.6,1.6,4.2,.157,0.8,2.0,2.8,1.5,,barryjo01
214,Dennis Scott,31,VAN,SF,66,0,1263,9.4,.515,.568,.171,1.5,8.6,5.0,8.7,1.2,0.5,7.7,14.0,1.4,0.1,1.5,.057,-1.0,-1.1,-2.2,-0.1,,scottde01
215,Shawn Marion,21,PHO,SF,51,38,1260,17.1,.511,.047,.180,9.5,19.7,14.7,9.1,1.5,3.0,9.1,19.6,1.7,2.4,4.1,.158,0.3,0.9,1.3,1.0,,mariosh01
216,Brian Shaw,33,LAL,SG,74,2,1249,10.9,.441,.180,.168,3.9,14.5,9.3,23.2,1.4,0.8,17.8,14.8,0.2,2.0,2.1,.082,-1.9,1.1,-0.8,0.4,,shawbr01
217,Sam Mitchell,36,MIN,SF,66,24,1227,12.0,.513,.061,.245,2.6,10.5,6.5,13.4,1.2,0.8,9.6,16.9,1.4,0.9,2.3,.092,-1.4,-0.3,-1.7,0.1,,mitchsa01
218,Danny Manning,33,MIL,PF,72,0,1217,10.1,.460,.012,.153,4.8,15.1,10.0,8.9,2.6,1.8,13.2,15.2,-0.1,1.1,1.0,.039,-3.3,0.7,-2.6,-0.2,,mannida01
219,Vinny Del Negro,33,MIL,PG,67,0,1211,11.7,.510,.074,.120,0.9,9.4,5.2,19.6,1.5,0.0,12.3,14.3,1.3,0.2,1.5,.061,-1.3,-0.8,-2.1,0.0,,delnevi01
220,Lorenzen Wright,24,ATL,C,75,0,1205,13.9,.533,.008,.374,10.6,17.1,13.9,2.9,1.3,2.2,13.6,17.9,1.3,0.9,2.2,.088,-2.5,-0.9,-3.5,-0.4,,wrighlo02
221,Tony Farmer,30,GSW,PF,74,9,1199,15.7,.542,.141,.849,9.7,16.5,12.9,9.5,2.8,0.9,16.1,17.9,1.9,1.0,2.9,.114,-0.6,0.1,-0.5,0.5,,farmeto01
222,Antonio Daniels,24,SAS,SG,68,1,1195,15.2,.541,.192,.294,1.6,6.4,4.1,24.4,2.4,0.3,13.0,17.2,1.9,1.7,3.6,.144,0.3,1.2,1.5,1.0,,daniean01
223,John Starks,34,2TM,SG,37,30,1190,12.4,.453,.315,.109,0.8,8.6,4.5,26.2,1.8,0.2,10.6,22.6,0.4,0.3,0.6,.026,-0.6,-1.3,-1.9,0.0,,starkjo01
223,John Starks,34,GSW,SG,33,30,1108,12.4,.456,.317,.106,0.9,8.2,4.3,26.2,1.7,0.2,10.7,22.6,0.4,0.1,0.5,.024,-0.5,-1.6,-2.0,0.0,,starkjo01
223,John Starks,34,CHI,SG,4,0,82,12.5,.414,.294,.147,0.0,14.5,7.1,26.1,3.3,0.9,7.7,21.9,0.0,0.1,0.1,.058,-2.6,2.4,-0.2,0.0,,starkjo01
224,Matt Maloney,28,CHI,PG,51,12,1175,9.4,.484,.547,.142,1.0,5.5,3.2,21.3,1.5,0.2,15.7,15.6,0.2,0.5,0.7,.028,-1.4,-1.5,-2.9,-0.2,,malonma01
225,Isaac Austin,30,WAS,C,59,23,1173,10.2,.481,.011,.389,6.2,21.7,13.8,10.0,0.8,2.3,20.6,19.6,-0.9,0.9,0.0,.001,-3.1,-0.1,-3.2,-0.4,,austiis01
226,Chris Carr,25,2TM,SF,57,2,1166,10.8,.482,.204,.252,4.0,13.4,8.6,15.0,1.4,0.9,17.5,26.1,-1.2,0.9,-0.3,-0.012,-2.2,-1.5,-3.8,-0.5,,carrch01
226,Chris Carr,25,GSW,SG,7,0,74,11.1,.471,.242,.576,6.7,12.1,9.2,6.6,0.0,1.0,10.8,26.4,0.0,0.0,0.0,.029,-2.3,-2.7,-5.0,-0.1,,carrch01
226,Chris Carr,25,CHI,SF,50,2,1092,10.8,.483,.201,.229,3.8,13.5,8.6,15.5,1.5,0.9,18.0,26.0,-1.2,0.9,-0.3,-0.015,-2.2,-1.5,-3.7,-0.5,,carrch01
227,Bonzi Wells,23,POR,SF,66,0,1162,17.3,.540,.110,.269,8.3,10.0,9.2,14.9,3.2,0.8,15.3,25.2,1.3,1.8,3.1,.130,0.1,1.0,1.1,0.9,,wellsbo01
228,Michael Smith,27,WAS,SF,46,46,1145,14.5,.611,.005,.526,12.0,21.4,16.6,7.3,1.2,1.4,16.0,10.9,2.3,1.0,3.3,.137,0.4,0.1,0.4,0.7,,smithmi02
229,Dana Barros,32,BOS,PG,72,0,1139,15.1,.552,.331,.175,1.2,9.1,5.0,19.4,1.4,0.3,12.3,20.4,2.0,0.5,2.4,.103,1.7,-1.4,0.3,0.7,,barroda01
230,Eddie Robinson,23,CHH,SF,67,8,1112,16.4,.569,.010,.166,5.6,12.8,9.3,5.2,2.2,1.6,8.6,18.3,1.5,1.5,3.0,.130,0.4,0.2,0.6,0.7,,robined01
231,Cedric Henderson,24,CLE,SF,61,7,1107,7.3,.441,.046,.319,3.4,10.8,7.1,7.8,1.8,1.1,15.5,17.3,-1.2,0.9,-0.2,-0.010,-4.5,-0.4,-4.9,-0.8,,hendece02
232,Carlos Rogers,28,HOU,C,53,15,1101,15.2,.549,.043,.423,10.2,17.6,14.0,6.3,0.6,2.0,14.1,17.8,1.4,0.8,2.2,.096,0.0,-0.9,-0.9,0.3,,rogerca01
233,Chucky Brown,31,2TM,PF,63,29,1096,9.5,.476,.030,.159,3.7,13.2,8.6,9.9,0.9,1.1,11.4,16.5,0.0,1.3,1.3,.059,-3.1,0.1,-3.0,-0.3,,brownch01
233,Chucky Brown,31,SAS,PF,30,27,602,10.0,.501,.017,.176,2.2,11.9,7.3,11.2,0.7,1.1,12.9,16.7,0.1,0.8,0.9,.073,-2.5,0.4,-2.1,0.0,,brownch01
233,Chucky Brown,31,CHH,PF,33,2,494,8.9,.447,.046,.138,5.6,14.7,10.2,8.3,1.2,1.1,9.5,16.2,-0.1,0.6,0.4,.041,-3.9,-0.2,-4.1,-0.3,,brownch01
234,Dell Curry,35,TOR,SG,67,9,1095,14.9,.542,.533,.070,1.1,9.4,5.1,14.1,1.5,0.6,7.9,20.5,1.6,0.6,2.2,.098,1.9,-1.1,0.8,0.8,,curryde01
235,Oliver Miller,29,PHO,C,51,9,1088,15.5,.609,.000,.313,9.1,17.5,13.4,9.5,2.0,5.3,21.8,13.7,1.1,2.3,3.4,.152,-1.1,3.1,2.0,1.1,,milleol01
236,Randy Livingston,24,PHO,PG,79,15,1081,11.4,.476,.147,.166,2.6,10.6,6.7,24.7,2.3,0.9,18.7,20.1,-0.2,1.7,1.5,.065,-2.8,1.0,-1.8,0.1,,livinra01
237,Gerard King,27,WAS,SF,62,28,1060,13.4,.534,.000,.238,9.0,18.2,13.6,7.4,1.7,1.0,11.8,14.5,1.4,0.9,2.3,.103,-0.8,-0.1,-0.9,0.3,,kingge02
238,Hakeem Olajuwon,37,HOU,C,44,28,1049,16.7,.484,.005,.266,7.1,21.9,14.6,10.2,2.0,4.3,13.4,22.7,0.0,1.6,1.6,.072,-0.9,1.3,0.4,0.6,,olajuha01
239,Jim McIlvaine,27,NJN,C,66,53,1048,10.0,.439,.000,.364,10.9,13.6,12.2,5.0,1.3,7.7,17.5,9.2,0.3,1.2,1.5,.068,-4.5,2.4,-2.1,0.0,,mcilvji01
240,Bobby Jackson,26,MIN,PG,73,10,1034,14.6,.474,.133,.283,5.6,11.7,8.6,24.6,2.4,0.5,13.0,19.5,1.0,1.1,2.2,.101,-0.5,0.9,0.3,0.6,,jacksbo01
241,Lawrence Funderburke,29,SAC,PF,75,1,1026,18.0,.570,.006,.463,9.9,13.9,11.9,5.0,1.5,1.3,8.6,18.8,2.5,1.2,3.7,.172,1.2,-0.2,1.0,0.8,,fundela01
242,Matt Bullard,32,HOU,PF,56,27,1024,11.9,.541,.521,.088,1.5,13.4,7.6,9.9,0.9,0.8,9.2,16.7,1.3,0.6,1.8,.087,0.3,-0.6,-0.3,0.4,,bullama01
243,Will Perdue,34,CHI,C,67,15,1012,6.6,.392,.000,.625,10.0,20.5,15.1,10.9,0.7,3.1,26.7,13.2,-1.6,1.1,-0.5,-0.023,-5.4,0.1,-5.3,-0.8,,perduwi01
244,Chris Anstey,25,CHI,C,73,11,1007,15.1,.512,.016,.404,10.3,22.5,16.3,13.2,1.5,1.8,15.7,23.1,0.6,1.3,1.9,.090,-2.1,-0.1,-2.3,-0.1,,anstech01
245,Sean Rooks,30,DAL,C,71,13,1001,11.8,.480,.000,.314,8.9,17.7,13.3,9.9,1.5,3.5,17.8,17.3,0.0,1.0,1.1,.051,-3.5,0.7,-2.8,-0.2,,rooksse01
246,Vernon Maxwell,34,SEA,SG,47,0,989,12.6,.462,.455,.302,1.6,7.2,4.4,12.3,2.0,0.6,8.7,27.1,0.1,0.7,0.8,.036,-0.9,-1.3,-2.2,0.0,,maxweve01
247,Samaki Walker,23,SAS,PF,71,7,980,13.1,.499,.000,.413,9.3,21.6,15.8,6.4,0.5,2.5,15.1,20.0,0.3,1.7,2.0,.098,-2.6,-0.1,-2.7,-0.2,,walkesa01
248,Michael Ruffin,23,CHI,PF,71,6,975,7.8,.450,.000,.638,13.8,16.3,15.0,7.7,1.4,2.0,25.0,11.1,-0.4,1.0,0.6,.032,-5.0,-0.4,-5.4,-0.8,,ruffimi01
249,Brad Miller,23,CHH,C,55,4,961,18.9,.558,.007,.666,13.5,20.6,17.1,7.8,1.2,2.5,11.2,19.9,2.4,1.4,3.8,.192,0.7,-0.5,0.2,0.5,,millebr01
250,Rex Chapman,32,PHO,SG,53,19,957,9.4,.491,.384,.244,1.2,8.0,4.7,9.9,1.2,0.1,9.7,18.1,0.4,1.0,1.4,.072,-2.0,-0.2,-2.2,-0.1,,chapmre01
251,Todd Day,30,PHO,SG,58,1,941,13.2,.524,.500,.327,3.7,11.4,7.6,10.7,2.4,1.7,11.7,20.0,0.9,1.6,2.5,.125,-0.5,1.2,0.7,0.6,,dayto01
252,Tyrone Corbin,37,SAC,SF,54,5,941,7.9,.415,.178,.158,4.4,13.9,9.1,8.7,1.8,0.3,9.9,13.0,-0.1,1.1,0.9,.048,-3.6,0.9,-2.7,-0.2,,corbity01
253,John Crotty,30,DET,PG,69,0,937,12.5,.557,.319,.371,2.1,7.2,4.6,20.9,1.4,0.4,15.6,16.2,1.5,0.4,1.9,.099,-0.2,-0.8,-0.9,0.2,,crottjo01
254,Greg Buckner,23,DAL,SG,48,1,923,12.1,.527,.112,.270,6.6,13.7,10.1,8.6,2.1,1.5,12.1,14.2,1.0,0.8,1.8,.094,-2.2,0.7,-1.5,0.1,,buckngr01
255,Grant Long,33,VAN,PF,42,1,920,11.7,.512,.024,.425,11.1,19.4,15.2,7.2,2.6,0.8,19.8,12.2,0.6,0.8,1.4,.073,-1.9,0.3,-1.7,0.1,,longgr01
256,Quincy Lewis,22,UTA,SG,74,0,896,6.6,.441,.211,.174,6.4,8.9,7.7,7.1,1.4,1.3,12.5,18.9,-0.5,0.9,0.3,.018,-4.5,-0.9,-5.5,-0.8,,lewisqu01
257,Darrick Martin,28,SAC,PG,71,1,893,11.9,.500,.354,.340,0.8,4.3,2.6,20.1,1.5,0.1,13.4,21.7,0.7,0.6,1.3,.067,-1.9,-1.1,-3.0,-0.2,,martida01
258,Jacque Vaughn,24,UTA,PG,78,0,884,9.2,.489,.130,.290,1.5,7.3,4.5,21.9,1.9,0.0,20.7,19.5,-0.4,0.8,0.4,.022,-3.4,-0.9,-4.3,-0.5,,vaughja01
259,Walter McCarty,25,BOS,PF,61,5,879,7.2,.451,.478,.235,4.1,10.5,7.1,11.6,1.4,1.9,20.9,15.8,-0.7,0.6,-0.2,-0.009,-2.5,-1.0,-3.5,-0.3,,mccarwa01
260,Bruce Bowen,28,2TM,SF,69,2,878,6.7,.460,.299,.222,3.5,8.7,6.2,5.8,1.4,1.2,8.2,12.1,0.2,0.9,1.2,.064,-3.1,0.8,-2.4,-0.1,,bowenbr01
260,Bruce Bowen,28,PHI,SF,42,0,311,6.0,.377,.027,.164,4.9,7.9,6.4,7.7,1.5,1.2,6.0,11.7,-0.1,0.3,0.3,.039,-4.0,1.1,-2.8,-0.1,,bowenbr01
260,Bruce Bowen,28,MIA,SF,27,2,567,7.1,.509,.463,.256,2.8,9.1,6.1,4.7,1.3,1.3,9.4,12.2,0.3,0.6,0.9,.078,-2.7,0.6,-2.1,0.0,,bowenbr01
261,Corey Benjamin,21,CHI,SG,48,10,862,9.7,.479,.254,.234,2.8,9.3,6.0,13.1,1.9,1.9,16.1,24.4,-1.0,0.7,-0.2,-0.013,-3.1,-0.7,-3.9,-0.4,,benjaco01
262,Roshown McLeod,24,ATL,SF,44,20,860,9.1,.438,.039,.211,5.2,12.4,8.8,10.0,1.0,0.4,14.0,21.7,-0.7,0.2,-0.4,-0.025,-3.5,-1.9,-5.3,-0.7,,mcleoro01
263,Jermaine O'Neal,21,POR,C,70,8,859,13.3,.515,.005,.441,14.0,17.2,15.7,3.3,0.7,4.7,15.1,16.8,0.7,1.4,2.1,.117,-2.5,0.1,-2.5,-0.1,,onealje01
264,Danny Fortson,23,BOS,PF,55,5,856,20.1,.602,.000,.713,17.8,31.7,24.4,5.6,1.2,0.4,16.1,21.0,2.5,1.0,3.5,.194,0.6,-1.9,-1.2,0.2,,fortsda01
265,Al Harrington,19,IND,PF,50,0,854,10.8,.524,.129,.420,6.4,14.2,10.4,7.1,1.5,0.7,17.2,20.1,0.1,0.9,1.0,.057,-3.3,-0.1,-3.4,-0.3,,harrial01
266,Fred Hoiberg,27,CHI,SG,31,11,845,13.0,.530,.409,.330,1.0,14.5,7.6,18.6,2.5,0.2,14.0,16.6,0.9,0.9,1.8,.100,-1.1,0.7,-0.4,0.3,,hoibefr01
267,Bobby Phills,30,CHH,SG,28,9,825,14.6,.524,.272,.194,2.4,7.2,4.8,17.2,2.5,0.7,11.7,22.4,0.5,0.9,1.5,.085,-0.1,0.3,0.2,0.5,,phillbo01
268,Keith Closs,23,LAC,C,57,6,820,14.1,.514,.015,.396,8.5,16.0,12.2,5.0,0.8,6.0,12.8,14.4,0.6,0.5,1.1,.062,-1.9,-0.1,-2.0,0.0,,closske01
269,Cherokee Parks,27,VAN,C,56,14,808,11.9,.521,.007,.255,8.1,19.1,13.6,6.8,1.9,4.0,14.8,10.7,0.6,0.8,1.4,.086,-2.1,1.4,-0.6,0.3,,parksch02
270,Elliot Perry,30,NJN,PG,60,5,803,14.8,.493,.133,.211,1.7,6.9,4.2,29.3,2.5,0.1,15.7,21.2,0.5,0.4,0.9,.055,-0.6,-1.2,-1.8,0.0,,perryel01
271,John Wallace,25,NYK,SF,60,0,798,13.3,.520,.009,.307,6.4,13.4,10.0,5.1,0.7,1.3,14.3,26.1,0.1,0.9,1.0,.061,-2.2,-0.6,-2.8,-0.2,,wallajo01
272,Darvin Ham,26,MIL,SF,35,21,792,12.8,.545,.008,.609,12.6,12.8,12.7,7.5,1.9,2.8,15.2,10.7,1.2,0.5,1.7,.101,-0.5,0.5,0.0,0.4,,hamda01
273,Armen Gilliam,35,UTA,PF,50,0,782,14.0,.486,.003,.282,11.5,20.9,16.3,9.3,0.8,1.6,13.8,23.5,0.3,1.0,1.2,.075,-1.7,-1.4,-3.1,-0.2,,gilliar01
274,Felipe López,25,VAN,SG,65,0,781,11.9,.473,.069,.418,9.0,10.0,9.5,9.6,2.2,1.6,14.6,21.1,0.0,0.4,0.4,.023,-1.8,-0.9,-2.7,-0.1,,lopezfe01
275,Alvin Williams,25,TOR,PG,55,28,779,13.6,.463,.192,.226,3.8,8.6,6.1,26.6,2.3,1.0,13.0,20.6,0.4,0.6,1.0,.063,-0.9,-0.2,-1.1,0.2,,willial02
276,Otis Thorpe,37,MIA,PF,51,1,777,11.1,.528,.012,.198,8.8,15.6,12.4,7.2,1.8,0.8,18.3,19.4,0.0,1.1,1.1,.069,-4.1,0.1,-4.0,-0.4,,thorpot01
277,Brian Skinner,23,LAC,PF,33,9,775,11.9,.550,.000,.485,8.8,20.5,14.5,2.2,1.1,3.9,18.5,11.4,0.5,0.5,0.9,.057,-2.5,0.1,-2.3,-0.1,,skinnbr01
278,Jelani McCoy,22,SEA,C,58,2,746,13.2,.574,.000,.514,7.8,18.6,13.1,5.0,1.0,4.3,17.2,15.5,0.6,0.9,1.5,.099,-3.2,0.7,-2.5,-0.1,,mccoyje01
279,Greg Foster,31,SEA,PF,60,5,718,6.9,.430,.067,.125,2.4,14.1,8.2,8.7,0.7,1.8,10.6,16.3,-0.4,0.5,0.1,.007,-5.2,-0.3,-5.5,-0.6,,fostegr01
280,Emanual Davis,31,SEA,PG,54,2,701,10.2,.458,.468,.173,2.3,13.4,7.8,14.9,2.8,0.5,15.7,17.7,-0.3,0.8,0.5,.037,-3.0,1.2,-1.9,0.0,,davisem01
281,Eric Murdock,31,LAC,PG,40,15,693,12.5,.468,.205,.390,2.3,10.3,6.2,25.3,3.5,0.5,19.5,19.1,-0.3,0.4,0.1,.008,-2.4,0.6,-1.8,0.0,,murdoer01
282,Stacey Augmon,31,POR,SG,59,0,692,12.2,.510,.011,.314,7.5,12.0,9.9,11.9,2.1,1.2,16.0,15.8,0.5,1.0,1.5,.102,-1.5,1.0,-0.5,0.3,,augmost01
283,Bryant Stith,29,DEN,SG,45,6,691,13.8,.568,.296,.407,3.6,9.7,6.6,13.7,1.3,1.2,12.9,16.1,1.2,0.4,1.6,.110,0.1,0.1,0.2,0.4,,stithbr01
284,Tony Delk,26,SAC,PG,46,1,682,14.1,.485,.143,.211,5.5,8.0,6.7,12.4,2.5,0.5,9.5,20.6,0.5,0.7,1.3,.090,-0.9,0.6,-0.3,0.3,,delkto01
285,Sam Jacobson,24,2TM,PG,52,5,681,11.1,.554,.113,.193,3.6,7.6,5.5,7.9,2.2,0.3,12.5,16.3,0.7,0.2,0.9,.063,-3.4,-0.5,-3.9,-0.3,,jacobsa01
285,Sam Jacobson,24,LAL,PG,3,0,18,14.1,.506,.000,.222,0.0,5.9,3.0,21.6,2.9,0.0,16.8,29.0,0.0,0.0,0.0,-0.006,-3.5,-0.5,-4.0,0.0,,jacobsa01
285,Sam Jacobson,24,GSW,PG,49,5,663,11.0,.556,.118,.192,3.7,7.6,5.5,7.5,2.2,0.3,12.3,15.9,0.7,0.2,0.9,.065,-3.4,-0.5,-3.9,-0.3,,jacobsa01
286,Dee Brown,31,TOR,PG,38,12,673,11.8,.498,.725,.062,1.4,7.7,4.5,20.7,1.9,0.5,12.8,20.0,0.4,0.4,0.8,.057,0.4,-0.9,-0.5,0.3,,brownde01
287,Chris Crawford,24,ATL,PF,55,11,668,11.9,.476,.118,.354,8.4,7.9,8.1,8.0,1.3,1.6,12.3,20.0,0.4,0.2,0.6,.043,-1.9,-1.3,-3.2,-0.2,,crawfch01
288,Robert Pack,30,DAL,PG,29,22,665,14.6,.490,.048,.339,1.1,5.6,3.4,38.0,2.4,0.3,22.3,22.6,0.1,0.3,0.4,.026,0.0,-1.8,-1.8,0.0,,packro01
289,Mark Strickland,29,MIA,SF,58,5,663,17.2,.571,.000,.250,8.1,16.0,12.2,5.9,1.2,2.0,8.8,19.2,1.3,0.9,2.2,.161,0.7,0.1,0.8,0.5,,stricma01
290,Charles Jones,24,LAC,PG,56,0,662,11.4,.445,.587,.114,2.8,7.8,5.2,22.5,2.3,0.5,11.7,16.0,0.3,0.1,0.4,.025,-1.3,-1.5,-2.8,-0.1,,jonesch03
291,Jud Buechler,31,DET,SF,58,5,657,8.2,.409,.532,.045,5.3,10.7,8.0,7.3,1.9,1.8,7.6,11.5,0.0,0.5,0.5,.037,-1.2,0.5,-0.7,0.2,,buechju01
292,Chris Mills,30,GSW,SF,20,11,649,16.2,.489,.103,.288,7.0,13.3,10.0,12.7,1.4,0.4,7.1,23.0,1.0,0.2,1.2,.090,1.5,-1.0,0.5,0.4,,millsch01
293,Anthony Johnson,25,2TM,PG,56,6,637,9.1,.425,.067,.238,3.6,5.1,4.4,16.8,2.7,0.4,15.0,14.6,-0.1,0.4,0.3,.020,-3.5,0.6,-2.9,-0.1,,johnsan02
293,Anthony Johnson,25,ATL,PG,38,2,423,9.2,.405,.058,.233,3.9,6.2,5.0,20.8,2.8,0.3,17.4,14.4,-0.2,0.2,0.1,.006,-3.7,0.6,-3.1,-0.1,,johnsan02
293,Anthony Johnson,25,ORL,PG,18,4,214,8.9,.459,.082,.246,3.1,3.0,3.1,8.9,2.3,0.7,10.6,14.8,0.0,0.2,0.2,.049,-3.2,0.7,-2.4,0.0,,johnsan02
294,Derrick McKey,33,IND,SF,32,0,634,11.2,.524,.213,.519,5.3,18.1,11.9,7.8,2.4,1.4,12.5,10.9,0.7,0.9,1.6,.123,-1.4,2.3,0.8,0.5,,mckeyde01
295,Charles Barkley,36,HOU,PF,20,18,620,19.8,.534,.117,.495,13.1,24.4,18.9,17.3,1.2,0.4,14.0,22.3,1.3,0.6,1.9,.148,2.6,-0.6,2.0,0.6,,barklch01
296,Damon Jones,23,2TM,PG,55,1,612,13.1,.508,.548,.231,2.1,7.6,4.8,23.9,1.5,0.1,14.9,19.2,0.6,0.1,0.7,.053,0.8,-1.8,-0.9,0.2,,jonesda01
296,Damon Jones,23,GSW,PG,13,1,196,14.0,.587,.426,.167,0.0,9.1,4.3,31.5,1.5,0.0,20.6,15.7,0.3,0.0,0.3,.080,0.8,-1.0,-0.2,0.1,,jonesda01
296,Damon Jones,23,DAL,PG,42,0,416,12.7,.482,.591,.253,3.1,6.9,5.0,20.2,1.5,0.2,12.7,20.8,0.3,0.1,0.3,.040,0.8,-2.1,-1.3,0.1,,jonesda01
297,Adam Keefe,29,UTA,C,62,3,604,7.6,.463,.008,.277,9.3,18.0,13.7,8.5,1.5,1.7,24.0,14.7,-0.4,0.8,0.4,.030,-4.4,0.4,-4.0,-0.3,,keefead01
298,Dean Garrett,33,MIN,C,56,23,604,9.0,.477,.000,.241,7.8,19.3,13.5,4.3,0.7,4.8,15.0,10.5,0.2,0.8,1.0,.077,-4.0,0.9,-3.0,-0.2,,garrede01
299,J.R. Reid,31,MIL,PF,34,7,602,9.0,.495,.055,.441,5.7,17.0,11.4,4.2,1.6,0.6,11.7,12.7,0.4,0.3,0.7,.059,-2.9,-0.7,-3.6,-0.2,,reidjr01
300,Pete Chilcutt,31,3TM,PF,56,2,601,8.9,.460,.205,.063,8.7,16.5,12.5,6.9,1.3,1.2,13.3,11.3,0.2,0.4,0.6,.046,-2.7,-0.8,-3.5,-0.2,,chilcpe01
300,Pete Chilcutt,31,UTA,PF,26,0,224,5.7,.374,.161,.032,8.3,14.9,11.7,6.9,1.2,1.4,12.5,14.8,-0.2,0.2,0.0,.005,-4.5,-0.4,-4.9,-0.2,,chilcpe01
300,Pete Chilcutt,31,CLE,PF,6,0,30,4.4,.000,.000,.000,14.7,18.8,16.8,4.4,0.0,0.0,0.0,2.9,0.0,0.0,0.0,.037,-3.5,-1.4,-4.9,0.0,,chilcpe01
300,Pete Chilcutt,31,LAC,PF,24,2,347,11.3,.556,.254,.095,8.4,17.3,12.7,7.2,1.5,1.2,14.4,9.8,0.4,0.1,0.5,.074,-1.5,-1.0,-2.4,0.0,,chilcpe01
301,Jeff McInnis,25,LAC,PG,25,10,597,11.8,.465,.113,.091,3.3,10.4,6.7,25.0,1.3,0.2,12.2,16.4,0.4,0.0,0.3,.027,-2.2,-2.4,-4.6,-0.4,,mcinnje01
302,Chris Herren,24,DEN,PG,45,1,597,8.9,.498,.540,.323,2.2,7.4,4.7,26.8,1.3,0.2,22.9,13.4,0.3,0.2,0.5,.041,-2.4,-1.6,-4.0,-0.3,,herrech01
303,Ryan Bowen,24,DEN,SF,52,0,589,11.8,.467,.077,.453,13.7,7.3,10.5,4.9,3.4,1.5,9.1,11.4,0.8,0.6,1.4,.111,-1.7,1.5,-0.2,0.3,,bowenry01
304,B.J. Armstrong,32,CHI,PG,27,18,583,10.7,.510,.156,.134,0.4,9.2,4.7,26.5,0.6,0.1,16.9,18.6,0.2,0.2,0.4,.030,-1.8,-2.0,-3.8,-0.3,,armstbj01
305,Chris Mullin,36,IND,SG,47,2,582,15.4,.590,.588,.219,2.8,11.5,7.3,10.0,2.5,1.0,12.0,18.2,1.0,0.7,1.7,.142,1.8,1.6,3.4,0.8,,mullich01
306,Doug West,32,VAN,SG,38,0,581,8.6,.467,.021,.276,3.7,11.0,7.3,11.8,1.1,1.0,10.5,14.2,0.3,0.1,0.5,.038,-3.6,-0.6,-4.2,-0.3,,westdo01
307,Ricky Davis,20,CHH,SG,48,4,570,15.3,.542,.021,.273,5.9,10.4,8.2,18.9,2.7,1.0,18.0,20.1,0.3,0.8,1.1,.092,-0.6,0.3,-0.3,0.2,,davisri01
308,Dale Ellis,39,2TM,SG,42,5,564,8.7,.540,.629,.082,2.7,8.7,5.7,3.8,1.2,0.0,10.8,14.6,0.3,0.2,0.5,.046,-1.1,-2.0,-3.1,-0.2,,ellisda01
308,Dale Ellis,39,MIL,SG,18,0,324,12.1,.586,.644,.089,2.5,9.7,6.1,2.8,1.0,0.0,6.3,15.4,0.6,0.0,0.6,.087,1.3,-2.6,-1.3,0.1,,ellisda01
308,Dale Ellis,39,CHH,SG,24,5,240,4.2,.460,.603,.069,2.9,7.3,5.2,5.0,1.5,0.0,17.9,13.6,-0.2,0.2,0.0,-0.010,-4.4,-1.3,-5.7,-0.2,,ellisda01
309,Todd MacCulloch,24,PHI,C,56,6,528,16.1,.557,.000,.335,9.9,20.8,15.3,4.2,1.1,5.1,12.3,17.5,0.7,1.0,1.7,.150,-1.6,1.6,0.0,0.3,,maccuto01
310,Shammond Williams,24,SEA,PG,43,5,517,12.2,.455,.360,.227,2.5,8.6,5.5,24.2,1.8,0.0,13.9,24.5,-0.1,0.3,0.2,.020,-0.9,-1.9,-2.8,-0.1,,willish01
311,Dedric Willoughby,25,CHI,PG,25,1,508,12.2,.472,.547,.285,2.5,9.4,5.9,24.6,2.4,0.3,15.5,21.5,0.0,0.4,0.4,.040,-0.6,-0.4,-1.0,0.1,,willode01
312,Moochie Norris,26,HOU,PG,30,0,502,18.4,.542,.182,.459,3.7,11.4,7.6,30.2,2.3,0.1,13.6,19.3,1.3,0.4,1.7,.158,1.6,0.1,1.7,0.5,,norrimo01
313,Don Reid,26,2TM,PF,38,3,498,12.1,.567,.000,.304,7.1,16.6,11.8,3.5,2.5,4.5,15.3,13.3,0.5,0.7,1.1,.110,-3.8,2.1,-1.8,0.0,,reiddo01
313,Don Reid,26,DET,PF,21,3,165,4.1,.478,.000,.176,3.5,14.0,8.8,0.9,1.5,5.3,23.1,12.7,-0.2,0.2,0.0,-0.006,-8.0,1.8,-6.2,-0.2,,reiddo01
313,Don Reid,26,WAS,PF,17,0,333,16.0,.603,.000,.359,8.9,17.8,13.3,4.8,3.0,4.1,11.7,13.6,0.7,0.5,1.2,.167,-1.8,2.2,0.4,0.2,,reiddo01
314,Erick Dampier,24,GSW,C,21,12,495,9.6,.427,.000,.295,9.6,19.5,14.2,6.2,0.8,2.1,12.9,19.1,-0.3,0.3,-0.1,-0.006,-4.7,-1.9,-6.6,-0.6,,dampier01
315,Mikki Moore,24,DET,C,29,0,488,19.6,.671,.000,.486,10.5,16.1,13.3,5.9,0.9,4.6,11.9,17.4,1.7,0.5,2.2,.218,0.3,0.5,0.7,0.3,,mooremi01
316,William Avery,20,MIN,PG,59,1,484,6.7,.391,.348,.199,1.9,7.8,4.8,26.2,1.5,0.3,17.6,22.3,-0.8,0.3,-0.5,-0.046,-4.3,-2.0,-6.3,-0.5,,averywi01
317,John Thomas,24,TOR,C,55,6,477,6.5,.456,.009,.383,8.4,9.2,8.8,2.9,1.3,2.1,10.1,12.9,0.1,0.3,0.4,.038,-5.9,-0.9,-6.9,-0.6,,thomajo02
318,Anthony Miller,28,HOU,PF,35,14,476,13.5,.544,.000,.526,11.8,26.5,19.3,5.2,1.2,1.4,13.7,12.8,0.6,0.6,1.2,.120,-1.9,-0.4,-2.4,0.0,,millean01
319,Kornél Dávid,28,2TM,SF,32,5,474,10.7,.493,.019,.357,6.3,13.8,10.0,7.0,1.9,0.5,15.4,20.7,-0.1,0.4,0.3,.033,-3.5,-0.9,-4.3,-0.3,,davidko01
319,Kornél Dávid,28,CHI,SF,26,5,443,10.2,.492,.020,.351,5.7,13.7,9.6,7.1,1.6,0.3,15.4,20.9,-0.1,0.4,0.2,.025,-3.6,-1.3,-4.9,-0.3,,davidko01
319,Kornél Dávid,28,CLE,SF,6,0,31,16.9,.511,.000,.444,14.2,14.6,14.4,5.2,6.5,2.3,15.7,17.9,0.0,0.1,0.1,.154,-1.2,4.8,3.7,0.0,,davidko01
320,Mark Davis,26,GSW,SF,23,7,464,9.8,.453,.015,.343,6.6,12.8,9.5,12.8,2.7,0.6,20.2,17.9,-0.4,0.3,-0.1,-0.012,-3.9,-0.8,-4.6,-0.3,,davisma02
321,Chris Dudley,34,NYK,C,47,3,459,6.1,.349,.000,.403,16.8,18.3,17.6,1.6,0.8,3.5,18.6,10.0,-0.2,0.7,0.5,.056,-5.3,0.2,-5.2,-0.4,,dudlech02
322,Toby Bailey,24,PHO,SG,46,2,449,10.8,.483,.071,.464,6.6,11.2,8.9,10.3,1.5,0.6,12.5,18.9,0.2,0.6,0.8,.088,-3.0,-0.1,-3.1,-0.1,,baileto01
323,Robert Traylor,22,MIL,PF,44,16,447,15.8,.517,.033,.557,13.1,16.9,15.0,6.7,2.9,4.2,15.1,17.8,0.5,0.5,1.0,.112,-1.8,0.3,-1.5,0.1,,traylro01
324,Dion Glover,21,ATL,SG,30,1,446,12.4,.483,.263,.409,3.7,5.6,4.7,9.9,1.8,0.6,12.2,22.8,0.2,0.1,0.3,.029,-1.0,-1.6,-2.6,-0.1,,glovedi01
325,Corie Blount,31,PHO,PF,38,1,446,9.0,.517,.022,.371,13.2,14.9,14.1,3.3,1.7,1.1,21.3,13.0,0.1,0.7,0.8,.090,-4.4,0.2,-4.2,-0.2,,blounco01
326,Doug Overton,30,BOS,PG,48,0,432,10.5,.466,.182,.136,3.5,5.3,4.4,19.4,1.2,0.0,10.9,18.4,0.3,0.1,0.4,.047,-1.6,-1.9,-3.5,-0.2,,overtdo01
327,Scott Padgett,23,UTA,PF,47,9,432,7.6,.395,.314,.193,6.9,17.7,12.4,8.9,1.7,1.4,12.7,18.6,-0.5,0.6,0.1,.013,-4.0,-0.5,-4.5,-0.3,,padgesc01
328,Brent Price,31,VAN,PG,41,0,424,9.5,.518,.571,.328,2.2,8.2,5.2,25.8,2.1,0.2,25.7,19.7,-0.1,0.1,0.1,.009,-2.4,-1.6,-4.0,-0.2,,pricebr01
329,Cal Bowdler,22,ATL,SF,46,0,423,10.0,.463,.009,.330,5.7,16.3,11.0,5.2,1.7,1.4,13.8,16.0,-0.1,0.3,0.2,.027,-3.4,-0.3,-3.7,-0.2,,bowdlca01
330,Travis Knight,25,LAL,C,63,0,410,9.5,.418,.000,.237,12.2,21.4,16.9,8.3,0.8,3.9,16.6,16.7,-0.2,0.8,0.6,.074,-6.0,0.7,-5.3,-0.3,,knightr01
331,Todd Fuller,25,CHH,C,41,2,399,9.6,.461,.000,.434,10.4,20.4,15.5,2.0,1.2,1.4,15.7,19.4,-0.3,0.5,0.2,.029,-4.7,-1.6,-6.3,-0.4,,fulleto02
332,Terry Cummings,38,GSW,PF,22,0,398,14.0,.474,.000,.220,11.2,17.4,14.1,9.3,1.6,1.4,12.2,23.4,0.2,0.3,0.4,.049,-2.3,-1.1,-3.4,-0.1,,cummite01
333,Milt Palacio,21,VAN,PG,53,0,394,8.8,.473,.020,.378,5.1,10.4,7.7,19.7,2.7,0.0,27.8,18.3,-0.5,0.2,-0.3,-0.041,-4.0,-0.4,-4.4,-0.2,,palacmi01
334,Sean Elliott,31,SAS,SF,19,19,391,8.8,.475,.349,.302,1.8,11.4,6.8,11.1,1.6,0.4,13.7,16.4,0.0,0.6,0.5,.067,-2.8,0.2,-2.6,-0.1,,elliose01
335,Rex Walters,29,MIA,PG,33,0,389,8.0,.474,.220,.176,2.5,7.9,5.4,25.6,0.8,0.0,22.8,15.2,0.0,0.3,0.3,.034,-3.4,-1.0,-4.4,-0.2,,waltere01
336,Michael Stewart,24,TOR,C,42,1,389,5.4,.432,.000,.604,9.2,18.2,13.5,2.2,0.7,3.4,20.2,9.6,-0.1,0.4,0.2,.030,-7.4,-0.8,-8.2,-0.6,,stewami01
337,Dennis Rodman,38,DAL,PF,12,12,389,8.4,.457,.032,.452,13.3,33.8,23.6,4.6,0.3,0.2,33.8,6.4,0.1,0.5,0.6,.074,-2.5,-0.7,-3.2,-0.1,,rodmade01
338,Rodney Buford,22,MIA,SG,34,0,386,11.2,.457,.192,.146,3.1,10.9,7.2,9.2,1.4,1.5,5.3,20.5,0.1,0.5,0.6,.072,-2.5,-0.5,-3.0,-0.1,,buforro01
339,Anthony Avent,30,LAC,PF,49,3,377,5.5,.368,.000,.333,6.6,15.6,10.9,4.5,2.2,2.7,17.9,15.8,-0.7,0.2,-0.5,-0.065,-6.9,-0.5,-7.4,-0.5,,aventan01
340,Evan Eschmeyer,24,NJN,C,31,5,373,11.8,.534,.000,.417,11.5,21.0,16.1,8.7,1.1,3.9,19.8,12.7,0.3,0.4,0.7,.095,-4.2,0.6,-3.5,-0.1,,eschmev01
341,Tom Hammonds,32,MIN,PF,56,0,372,9.9,.481,.000,.577,10.5,21.2,15.8,3.9,1.1,0.6,14.7,17.3,0.1,0.4,0.5,.061,-3.8,-1.7,-5.5,-0.3,,hammoto01
342,Rafer Alston,23,MIL,PG,27,0,361,4.3,.310,.147,.042,1.6,5.8,3.7,26.8,1.7,0.0,23.1,15.5,-0.7,0.0,-0.7,-0.095,-5.0,-2.3,-7.3,-0.5,,alstora01
343,Roy Rogers,26,DEN,PF,40,0,355,11.4,.420,.011,.466,10.0,14.5,12.3,3.8,0.3,7.3,8.6,14.2,0.0,0.4,0.4,.048,-2.4,0.7,-1.8,0.0,,rogerro02
344,Obinna Ekezie,24,VAN,PF,39,0,351,11.8,.538,.000,.727,11.5,19.9,15.7,3.7,1.4,0.8,18.3,18.4,0.2,0.2,0.5,.063,-3.1,-1.7,-4.8,-0.2,,ekeziob01
345,Haywoode Workman,34,2TM,PG,36,2,350,10.2,.445,.478,.167,0.3,8.3,4.3,25.0,3.0,0.0,15.7,14.5,0.1,0.2,0.3,.044,-2.4,-0.1,-2.5,-0.1,,workmha01
345,Haywoode Workman,34,MIL,PG,23,1,248,10.9,.487,.468,.210,0.5,7.5,4.0,25.1,2.3,0.0,17.1,14.7,0.2,0.1,0.3,.053,-1.1,-1.3,-2.4,0.0,,workmha01
345,Haywoode Workman,34,TOR,PG,13,1,102,8.5,.346,.500,.071,0.0,10.2,4.9,24.7,4.6,0.0,12.2,14.3,-0.1,0.1,0.0,.023,-5.6,2.6,-2.9,0.0,,workmha01
346,Devean George,22,LAL,SF,49,1,345,12.1,.478,.326,.285,9.1,14.1,11.6,5.5,1.5,0.8,11.5,23.3,0.1,0.6,0.7,.093,-2.5,-1.0,-3.5,-0.1,,georgde01
347,Chuck Person,35,SEA,SF,37,0,340,5.2,.403,.772,.065,1.9,15.3,8.5,9.6,0.8,0.4,8.7,18.0,-0.3,0.2,-0.1,-0.007,-4.3,-1.2,-5.5,-0.3,,persoch01
348,Sam Mack,29,GSW,SF,23,5,333,8.0,.436,.525,.164,2.1,10.8,6.2,11.1,2.7,0.2,12.7,18.9,-0.2,0.2,0.0,.002,-3.9,-0.5,-4.4,-0.2,,macksa01
349,Eric Montross,28,DET,C,51,0,332,0.2,.332,.000,.218,6.3,18.8,12.6,2.9,0.9,2.0,26.7,10.9,-0.7,0.3,-0.4,-0.058,-8.8,-0.5,-9.3,-0.6,,montrer01
350,Popeye Jones,29,DEN,PF,40,1,330,12.4,.463,.029,.183,13.4,20.6,17.0,9.0,0.5,1.2,10.4,16.5,0.3,0.2,0.6,.082,-1.8,-1.5,-3.4,-0.1,,jonespo01
351,Cory Alexander,26,DEN,PG,29,2,329,8.8,.381,.357,.224,2.6,11.3,6.9,25.7,3.7,0.4,20.6,18.0,-0.5,0.4,-0.1,-0.012,-4.1,1.8,-2.4,0.0,,alexaco01
352,Sherman Douglas,33,NJN,PG,20,2,309,15.4,.586,.178,.311,4.5,6.0,5.2,18.2,2.9,0.0,19.0,18.2,0.5,0.2,0.6,.100,0.1,0.2,0.3,0.2,,douglsh01
353,Bill Curley,27,2TM,SF,28,0,309,6.5,.481,.015,.368,6.0,11.6,8.6,6.8,2.1,0.9,21.0,13.7,-0.1,0.2,0.0,.003,-5.9,-0.4,-6.3,-0.3,,curlebi01
353,Bill Curley,27,HOU,PF,4,0,50,5.2,.545,.000,.000,9.2,8.8,9.0,0.0,2.0,0.0,26.7,13.2,0.0,0.0,0.0,-0.006,-7.1,-0.7,-7.8,-0.1,,curlebi01
353,Bill Curley,27,GSW,SF,24,0,259,6.8,.471,.018,.439,5.4,12.1,8.5,8.1,2.1,1.1,20.0,13.8,-0.1,0.1,0.0,.005,-5.7,-0.3,-6.0,-0.3,,curlebi01
354,Chauncey Billups,23,DEN,SG,13,5,305,10.5,.465,.406,.436,2.8,9.4,6.1,19.4,1.7,0.4,16.6,20.6,0.0,0.2,0.1,.023,-2.3,-0.4,-2.6,0.0,,billuch01
355,John Salley,35,LAL,C,45,3,303,8.3,.437,.000,.406,7.2,15.7,11.5,12.1,1.4,3.2,18.1,14.4,-0.1,0.6,0.5,.083,-5.6,2.7,-2.9,-0.1,,sallejo01
356,Gary Trent,25,DAL,SF,11,11,301,14.6,.499,.014,.148,7.2,11.4,9.3,12.7,1.3,0.7,14.2,25.8,-0.1,0.1,0.1,.014,-0.6,-2.2,-2.8,-0.1,,trentga01
357,Loy Vaught,31,DET,PF,43,0,292,8.5,.390,.034,.180,10.3,25.7,18.0,5.7,1.0,1.0,10.3,16.1,-0.2,0.3,0.2,.026,-3.9,-1.6,-5.5,-0.3,,vaughlo01
358,Kevin Ollie,27,PHI,PG,40,0,290,12.9,.551,.000,.755,1.5,10.5,5.9,23.4,1.8,0.0,13.3,11.4,0.5,0.3,0.9,.146,-1.4,2.0,0.6,0.2,,ollieke01
359,Rick Brunson,27,NYK,PG,37,0,289,7.0,.456,.186,.257,1.3,9.6,5.5,26.9,1.7,0.3,28.5,17.9,-0.4,0.3,-0.1,-0.018,-4.8,0.0,-4.8,-0.2,,brunsri01
360,Tim Legler,33,GSW,SG,23,4,284,7.2,.448,.269,.231,1.4,7.5,4.3,12.8,0.7,0.2,6.5,13.6,0.2,0.0,0.1,.023,-3.7,-1.4,-5.2,-0.2,,legleti01
361,Thomas Hamilton,24,HOU,C,22,7,273,11.4,.460,.000,.291,13.0,23.7,18.5,8.7,0.7,3.3,23.9,18.8,-0.3,0.3,0.0,.002,-3.5,-0.5,-4.0,-0.1,,hamilth01
362,Pervis Ellison,32,BOS,C,30,5,269,9.0,.507,.000,.488,11.7,17.0,14.2,6.9,1.9,2.2,19.9,10.5,0.2,0.3,0.5,.088,-4.8,0.2,-4.6,-0.2,,ellispe01
363,Steve Kerr,34,SAS,PG,32,0,268,10.6,.564,.419,.149,1.3,6.5,4.0,7.2,0.8,0.0,8.2,14.8,0.4,0.3,0.6,.111,0.0,-0.6,-0.7,0.1,,kerrst01
364,Gheorghe Mureșan,28,NJN,C,30,2,267,11.8,.492,.000,.422,9.6,19.0,14.1,5.6,0.0,3.1,13.0,20.5,0.1,0.2,0.3,.052,-4.4,-1.8,-6.2,-0.3,,muresgh01
365,Earl Boykins,23,2TM,PG,26,0,261,20.0,.547,.172,.198,5.1,6.1,5.6,34.6,2.3,0.3,11.9,23.8,0.6,0.2,0.8,.153,3.8,0.0,3.9,0.4,,boykiea01
365,Earl Boykins,23,ORL,PG,1,0,8,44.0,.750,.000,.000,13.7,0.0,6.8,87.8,0.0,0.0,0.0,21.0,0.1,0.0,0.1,.582,19.0,2.8,21.8,0.0,,boykiea01
365,Earl Boykins,23,CLE,PG,25,0,253,19.2,.540,.179,.205,4.8,6.3,5.5,32.9,2.4,0.3,12.2,23.9,0.5,0.2,0.7,.139,3.4,0.0,3.3,0.4,,boykiea01
366,Andrew Lang,33,NYK,C,19,10,244,10.3,.440,.000,.109,8.0,20.7,14.6,2.0,1.8,1.9,6.9,14.0,0.0,0.4,0.4,.086,-2.8,1.5,-1.3,0.0,,langan01
367,Reggie Jordan,32,WAS,PG,36,0,243,6.7,.349,.019,.245,7.5,12.0,9.7,19.1,2.6,0.6,24.4,14.2,-0.4,0.2,-0.2,-0.035,-3.9,0.9,-3.0,-0.1,,jordare01
368,Michael Cage,38,NJN,C,20,7,242,12.6,.533,.000,.125,14.6,22.8,18.6,5.3,1.7,2.3,13.6,5.4,0.4,0.3,0.7,.140,-0.6,0.1,-0.4,0.1,,cagemi01
369,Laron Profit,22,WAS,SG,33,1,225,4.4,.386,.288,.169,1.0,12.4,6.7,16.7,1.6,1.3,23.1,16.2,-0.5,0.1,-0.3,-0.073,-5.6,-0.2,-5.8,-0.2,,profila01
370,Rick Hughes,26,DAL,PF,21,0,224,10.9,.491,.014,.361,11.6,11.9,11.8,6.1,0.7,0.3,14.4,19.2,0.1,0.1,0.1,.029,-2.4,-2.6,-5.0,-0.2,,hugheri02
371,Antoine Carr,38,VAN,SF,21,0,221,7.5,.477,.000,.219,4.3,13.1,8.7,5.3,0.7,1.9,11.4,16.3,0.0,0.1,0.1,.019,-4.4,-0.8,-5.1,-0.2,,carran01
372,Vladimir Stepania,23,SEA,C,30,1,202,6.7,.395,.076,.456,11.3,14.3,12.7,2.3,2.5,3.8,18.8,25.5,-0.6,0.3,-0.3,-0.080,-9.7,-1.1,-10.8,-0.5,,stepavl01
373,Ryan Stack,24,CLE,PF,25,0,198,4.6,.413,.020,.529,8.4,17.1,12.7,3.8,1.0,4.0,21.3,17.5,-0.4,0.2,-0.1,-0.031,-8.4,0.0,-8.4,-0.3,,stackry01
374,Nazr Mohammed,22,PHI,C,28,3,190,7.0,.424,.000,.407,9.2,20.1,14.5,1.6,1.1,4.6,22.0,18.9,-0.4,0.3,-0.1,-0.016,-6.8,-0.1,-7.0,-0.2,,mohamna01
375,Duane Causwell,31,MIA,C,25,2,185,14.1,.614,.000,1.027,7.2,21.5,14.7,1.7,0.6,6.3,15.7,16.1,0.3,0.4,0.7,.171,-3.7,2.0,-1.7,0.0,,causwdu01
376,Anthony Parker,24,ORL,SG,16,0,185,9.7,.461,.246,.193,3.0,12.9,8.0,8.0,2.1,1.5,15.1,16.6,-0.1,0.2,0.2,.040,-2.8,0.8,-2.0,0.0,,parkean01
377,John Celestand,22,LAL,PG,16,0,185,2.7,.388,.200,.133,0.6,5.7,3.2,15.2,1.9,0.0,25.1,15.1,-0.4,0.2,-0.1,-0.038,-7.7,0.1,-7.6,-0.3,,celesjo01
378,Joe Stephens,27,VAN,SF,13,0,181,10.2,.389,.157,.078,8.5,15.3,11.9,9.8,2.0,1.2,10.2,14.8,-0.1,0.1,0.0,.012,-1.2,-0.4,-1.5,0.0,,stephjo01
379,Lazaro Borrell,27,SEA,SF,17,6,167,15.0,.457,.048,.175,9.1,17.3,13.1,9.7,1.8,1.3,8.1,19.5,0.1,0.2,0.3,.079,-0.3,-0.9,-1.2,0.0,,borrela01
380,Drew Barry,26,2TM,PG,16,0,159,9.5,.582,.545,.152,0.0,8.4,4.0,31.3,0.6,0.0,27.0,13.1,0.2,0.0,0.1,.042,-2.6,-2.2,-4.8,-0.1,,barrydr01
380,Drew Barry,26,GSW,PG,8,0,85,10.1,.583,.500,.111,0.0,10.5,4.9,30.7,1.2,0.0,24.1,12.3,0.1,0.0,0.1,.055,-3.0,-0.6,-3.6,0.0,,barrydr01
380,Drew Barry,26,ATL,PG,8,0,74,8.8,.582,.600,.200,0.0,5.9,3.0,32.0,0.0,0.0,30.0,14.0,0.1,0.0,0.0,.027,-2.1,-4.0,-6.1,-0.1,,barrydr01
381,Felton Spencer,32,SAS,C,26,0,149,13.6,.541,.000,.909,12.0,17.5,14.9,3.1,2.1,3.7,16.3,17.1,0.2,0.3,0.5,.159,-3.7,1.8,-2.0,0.0,,spencfe01
382,Derek Strong,31,ORL,PF,20,0,148,12.0,.499,.083,.292,8.1,24.2,16.2,4.1,1.7,0.9,18.1,18.8,0.0,0.2,0.2,.069,-3.1,-0.6,-3.7,-0.1,,stronde01
383,Tyronn Lue,22,LAL,PG,8,0,146,10.5,.564,.205,.205,1.5,7.2,4.4,17.6,1.1,0.0,17.5,15.5,0.2,0.2,0.3,.103,-2.3,0.3,-2.0,0.0,,luety01
384,Trajan Langdon,23,CLE,SG,10,0,145,10.9,.546,.475,.275,3.0,8.6,5.8,11.7,1.7,0.0,11.8,15.2,0.2,0.1,0.3,.098,-1.0,0.3,-0.7,0.0,,langdtr01
385,Calvin Booth,23,WAS,C,11,0,143,11.9,.403,.000,.304,11.9,13.8,12.9,7.6,1.1,7.1,10.3,18.0,0.0,0.2,0.1,.043,-3.9,0.1,-3.8,-0.1,,boothca01
386,Don MacLean,30,PHO,PF,16,0,143,4.6,.407,.122,.122,4.8,13.0,9.0,8.5,0.7,0.5,13.4,18.4,-0.2,0.2,0.0,-0.004,-6.6,-1.1,-7.6,-0.2,,macledo01
387,Jumaine Jones,20,PHI,SF,33,0,138,12.6,.432,.069,.310,12.6,17.9,15.2,6.1,2.3,2.6,17.5,25.4,-0.2,0.3,0.0,.008,-2.7,-0.7,-3.4,0.0,,jonesju01
388,Tim Young,23,GSW,C,25,0,137,11.7,.492,.000,.923,9.4,18.0,13.4,5.5,0.7,0.5,14.1,19.6,0.1,0.0,0.2,.058,-2.6,-2.3,-4.9,-0.1,,youngti01
389,Antonio Harvey,29,POR,PF,19,0,137,10.1,.581,.000,.400,7.3,20.4,14.2,5.7,0.4,3.2,25.4,15.9,0.0,0.2,0.2,.067,-3.9,0.5,-3.4,0.0,,harvean01
390,Lari Ketner,22,2TM,PF,22,0,132,7.1,.456,.000,.375,10.0,19.2,14.5,1.4,1.5,1.7,21.2,15.8,-0.1,0.2,0.0,.004,-5.6,-1.4,-7.0,-0.2,,ketnela01
390,Lari Ketner,22,CHI,PF,6,0,41,3.6,.460,.000,.200,0.0,20.4,10.0,4.4,1.3,1.8,21.6,15.5,-0.1,0.0,0.0,-0.026,-8.0,-0.5,-8.4,-0.1,,ketnela01
390,Lari Ketner,22,CLE,PF,16,0,91,8.7,.455,.000,.455,14.6,18.6,16.6,0.0,1.7,1.6,21.0,16.0,-0.1,0.1,0.0,.018,-4.5,-1.9,-6.4,-0.1,,ketnela01
391,Jonathan Bender,19,IND,SF,24,1,130,7.6,.397,.171,.343,3.6,14.1,9.1,3.9,0.4,2.5,8.0,30.6,-0.3,0.1,-0.2,-0.074,-7.5,-3.1,-10.6,-0.3,,bendejo01
392,Rusty LaRue,26,CHI,PG,4,1,129,7.4,.401,.326,.163,0.9,8.3,4.5,16.1,2.9,0.0,13.2,18.8,-0.2,0.1,-0.1,-0.025,-5.6,-0.3,-5.9,-0.1,,larueru01
393,Mark West,39,PHO,C,22,2,127,4.3,.483,.000,.667,5.4,21.5,13.6,2.1,0.8,2.3,27.9,7.5,-0.1,0.2,0.2,.061,-6.6,1.5,-5.1,-0.1,,westma01
394,Devin Gray,27,HOU,SF,21,2,124,14.0,.492,.000,.784,10.2,12.4,11.3,6.3,2.1,1.6,7.4,19.0,0.2,0.1,0.3,.123,-2.4,-0.1,-2.6,0.0,,grayde01
395,Etdrick Bohannon,26,2TM,PF,13,0,118,10.5,.615,.000,1.846,12.0,17.6,14.7,6.3,0.9,3.5,29.8,12.7,0.1,0.1,0.1,.059,-4.7,-0.9,-5.6,-0.1,,bohanet01
395,Etdrick Bohannon,26,NYK,PF,2,0,5,7.8,.852,,,24.5,0.0,11.9,0.0,0.0,0.0,53.2,35.6,0.0,0.0,0.0,-0.049,-9.8,-5.5,-15.3,0.0,,bohanet01
395,Etdrick Bohannon,26,LAC,PF,11,0,113,10.6,.596,.000,1.538,11.5,18.4,14.8,6.6,0.9,3.6,26.8,11.7,0.1,0.1,0.2,.064,-4.5,-0.7,-5.2,-0.1,,bohanet01
396,Žan Tabak,29,IND,C,18,0,114,13.6,.493,.000,.235,16.4,15.2,15.7,5.6,1.4,5.2,22.7,19.3,0.0,0.2,0.1,.054,-2.6,0.5,-2.1,0.0,,tabakza01
397,Kevin Johnson,33,PHO,PG,6,0,113,17.3,.644,.036,.250,0.0,15.5,7.9,33.2,0.9,0.0,18.4,14.8,0.3,0.1,0.5,.195,2.2,1.6,3.8,0.2,,johnske02
398,Tony Massenburg,32,HOU,PF,10,0,109,13.8,.534,.000,.444,7.4,20.1,13.9,4.5,0.9,3.0,17.3,21.0,0.1,0.1,0.2,.073,-2.1,-0.1,-2.3,0.0,,masseto01
399,Derrick Dial,24,SAS,SG,8,0,95,12.0,.415,.261,.109,17.5,13.7,15.6,9.3,0.6,0.7,11.1,26.3,-0.1,0.1,0.1,.032,-1.5,-3.1,-4.6,-0.1,,dialde01
400,Mirsad Türkcan,23,2TM,PF,17,0,90,11.1,.397,.158,.211,17.1,25.8,21.5,8.9,1.8,0.8,16.2,24.8,-0.1,0.1,0.0,-0.019,-4.4,-2.0,-6.3,-0.1,,turkcmi01
400,Mirsad Türkcan,23,NYK,PF,7,0,25,3.8,.200,.200,.000,9.8,36.8,23.7,6.1,4.3,0.0,9.1,20.9,-0.1,0.1,-0.1,-0.101,-8.9,0.8,-8.1,0.0,,turkcmi01
400,Mirsad Türkcan,23,MIL,PF,10,0,65,13.9,.460,.143,.286,19.9,21.5,20.7,10.0,0.8,1.2,18.2,26.4,0.0,0.0,0.0,.012,-2.6,-3.0,-5.7,-0.1,,turkcmi01
401,Jeff Foster,23,IND,C,19,0,86,25.6,.632,.043,1.087,16.3,25.1,20.9,9.4,3.0,0.8,5.6,19.0,0.5,0.2,0.6,.345,2.8,1.7,4.4,0.1,,fosteje01
402,Lorenzo Williams,30,WAS,PF,8,0,76,16.1,.778,.000,.000,18.0,19.9,18.9,2.0,2.0,5.7,25.0,7.0,0.2,0.1,0.3,.165,0.1,1.5,1.6,0.1,,willilo01
403,Harold Jamison,23,MIA,PF,12,0,74,6.6,.322,.000,.900,26.3,7.5,16.4,8.2,1.4,1.0,12.5,20.1,-0.1,0.1,0.0,-0.017,-5.5,-2.8,-8.3,-0.1,,jamisha01
404,Jermaine Jackson,23,DET,SG,7,0,73,-1.5,.241,.091,.727,1.6,15.8,8.7,7.3,2.1,0.0,32.5,13.0,-0.3,0.1,-0.2,-0.150,-8.6,-0.3,-8.9,-0.1,,jacksje01
405,Mark Hendrickson,25,2TM,PF,15,0,71,10.4,.666,.000,.500,4.6,16.0,10.2,12.2,1.4,1.0,23.5,7.8,0.1,0.1,0.1,.098,-1.7,1.2,-0.6,0.0,,hendrma01
405,Mark Hendrickson,25,CLE,PF,10,0,47,12.9,.761,.000,.286,4.7,21.7,13.1,9.9,2.1,1.5,27.6,10.1,0.1,0.1,0.1,.132,-1.7,3.0,1.3,0.0,,hendrma01
405,Mark Hendrickson,25,NJN,PF,5,0,24,5.5,.266,.000,2.000,4.5,4.8,4.6,16.6,0.0,0.0,0.0,3.5,0.0,0.0,0.0,.030,-1.8,-2.3,-4.2,0.0,,hendrma01
406,Matt Harpring,23,ORL,SF,4,0,63,14.2,.398,.118,.412,8.7,12.1,10.4,17.2,3.9,1.1,4.7,14.1,0.1,0.1,0.2,.146,0.2,3.0,3.2,0.1,,harprma01
407,Bruno Šundov,19,DAL,C,14,0,61,7.8,.408,.000,.065,8.9,12.3,10.6,5.3,1.7,2.2,11.1,26.0,-0.1,0.0,-0.1,-0.050,-8.6,-2.4,-11.0,-0.1,,sundobr01
408,A.J. Bramlett,23,CLE,C,8,0,61,-0.4,.190,.000,.000,21.7,18.5,20.1,0.0,0.8,0.0,12.5,17.1,-0.2,0.1,-0.2,-0.129,-9.2,-6.7,-15.9,-0.2,,bramlaj01
409,Bill Wennington,36,SAC,C,7,0,57,7.6,.352,.000,.105,9.1,25.8,17.4,2.4,1.7,2.3,4.8,15.3,0.0,0.1,0.1,.050,-6.0,0.2,-5.8,-0.1,,wennibi01
410,Stanley Roberts,29,PHI,C,5,1,51,3.0,.289,.063,.188,12.8,19.8,16.2,9.0,1.0,1.4,10.4,16.6,-0.1,0.1,0.0,-0.025,-8.4,-0.6,-9.0,-0.1,,roberst01
411,Khalid Reeves,27,CHI,PG,3,0,48,7.8,.387,.250,.417,4.8,5.0,4.9,46.3,2.2,0.0,29.7,19.3,-0.1,0.0,0.0,-0.046,-4.7,-0.5,-5.2,0.0,,reevekh01
412,Jamel Thomas,26,2TM,SF,7,0,46,9.1,.461,.167,.056,2.2,10.1,5.9,21.9,1.1,0.0,21.3,21.8,-0.1,0.0,-0.1,-0.065,-3.3,-2.0,-5.2,0.0,,thomaja01
412,Jamel Thomas,26,BOS,SF,3,0,19,17.7,.527,.100,.100,0.0,12.7,6.0,20.6,0.0,0.0,8.7,26.1,0.0,0.0,0.0,.079,1.7,-3.0,-1.3,0.0,,thomaja01
412,Jamel Thomas,26,GSW,SF,4,0,27,3.0,.375,.250,.000,3.7,8.3,5.8,22.9,1.9,0.0,33.3,18.7,-0.1,0.0,-0.1,-0.166,-6.7,-1.3,-8.0,0.0,,thomaja01
413,Marcus Brown,25,DET,SG,6,0,45,1.1,.336,.500,.143,7.7,10.3,9.0,9.8,0.0,0.0,16.8,17.5,-0.1,0.0,-0.1,-0.095,-6.7,-2.6,-9.3,-0.1,,brownma01
414,Wayne Turner,23,BOS,PG,3,0,41,-1.7,.231,.000,1.000,2.6,5.9,4.2,16.3,0.0,0.0,25.8,12.3,-0.1,0.0,-0.1,-0.148,-8.0,-4.5,-12.5,-0.1,,turnewa01
415,Fred Vinson,29,SEA,SG,8,0,40,1.0,.364,.412,.118,0.0,2.8,1.4,0.0,3.9,0.0,18.3,24.1,-0.2,0.0,-0.1,-0.178,-9.9,-3.2,-13.1,-0.1,,vinsofr01
416,Donny Marshall,27,CLE,SF,6,0,39,0.2,.403,.273,.545,0.0,2.9,1.4,0.0,2.6,0.0,18.0,18.6,-0.1,0.0,-0.1,-0.087,-9.2,-0.6,-9.8,-0.1,,marshdo02
417,Antonio Lang,27,2TM,SF,10,0,38,5.7,.366,.000,.833,0.0,15.2,7.4,8.0,5.5,1.9,19.6,11.9,-0.1,0.1,0.0,.014,-8.9,3.4,-5.5,0.0,,langan02
417,Antonio Lang,27,TOR,SF,7,0,32,2.1,.222,.000,.800,0.0,18.1,8.7,4.1,6.5,2.2,22.8,12.1,-0.1,0.1,0.0,-0.059,-12.1,3.4,-8.7,-0.1,,langan02
417,Antonio Lang,27,PHI,SF,3,0,6,25.2,1.042,.000,1.000,0.0,0.0,0.0,28.3,0.0,0.0,0.0,10.5,0.0,0.0,0.1,.405,8.0,3.4,11.3,0.0,,langan02
418,DeMarco Johnson,24,NYK,PF,5,0,37,0.5,.333,.000,.000,9.9,12.4,11.2,0.0,1.5,0.0,25.0,15.4,-0.1,0.0,-0.1,-0.091,-9.6,-0.7,-10.3,-0.1,,johnsde02
419,Michael Hawkins,27,CHH,PG,12,0,36,8.8,.288,.385,.154,0.0,21.4,10.9,54.8,0.0,0.0,17.8,21.0,-0.1,0.0,0.0,-0.063,-3.5,-3.0,-6.5,0.0,,hawkimi01
420,Johnny Taylor,25,2TM,SF,6,0,34,6.2,.393,.071,.000,6.4,12.8,9.6,4.7,1.5,2.1,12.5,19.9,-0.1,0.0,0.0,-0.030,-6.1,-2.3,-8.4,-0.1,,taylojo01
420,Johnny Taylor,25,DEN,SF,1,0,5,-15.2,.000,.000,.000,0.0,22.0,10.9,0.0,0.0,0.0,0.0,17.4,0.0,0.0,0.0,-0.370,-17.8,-5.8,-23.6,0.0,,taylojo01
420,Johnny Taylor,25,ORL,SF,5,0,29,9.9,.458,.083,.000,7.5,11.2,9.4,5.5,1.7,2.4,14.3,20.3,0.0,0.0,0.0,.028,-4.1,-1.7,-5.8,0.0,,taylojo01
421,David Wingate,36,NYK,SG,7,0,32,-5.0,.111,.000,.000,3.8,3.6,3.7,13.4,1.7,4.8,18.2,16.3,-0.2,0.0,-0.1,-0.209,-12.3,0.7,-11.6,-0.1,,wingada01
422,Joe Kleine,38,POR,C,7,0,31,6.8,.446,.000,.273,0.0,21.6,11.4,10.2,1.7,0.0,14.0,21.3,0.0,0.1,0.0,.040,-6.5,1.0,-5.4,0.0,,kleinjo01
423,Eldridge Recasner,32,CHH,PG,7,0,28,13.1,.500,.571,.000,0.0,15.7,8.0,28.1,0.0,0.0,0.0,11.2,0.1,0.0,0.1,.135,-0.7,-0.1,-0.8,0.0,,recasel01
424,Ryan Robertson,23,SAC,SG,1,0,25,2.6,.388,.333,.167,0.0,0.0,0.0,0.0,0.0,0.0,0.0,10.7,0.0,0.0,0.0,-0.022,-3.8,-1.6,-5.4,0.0,,roberry01
425,Gary Grant,34,POR,PG,3,0,24,8.0,.429,.000,.000,0.0,14.0,7.4,8.1,2.2,0.0,12.5,30.8,-0.1,0.0,0.0,-0.070,-8.3,0.0,-8.3,0.0,,grantga01
426,Aleksandar Radojević,23,TOR,C,3,0,24,2.4,.363,.000,.857,9.0,29.0,18.7,6.2,4.3,2.9,34.2,27.0,-0.2,0.1,-0.1,-0.202,-12.2,0.1,-12.1,-0.1,,radojal01
427,Tim James,23,MIA,SF,4,0,23,12.6,.359,.000,.214,15.9,4.8,10.1,16.3,0.0,9.5,11.5,35.1,-0.1,0.0,-0.1,-0.105,-2.5,-2.5,-5.0,0.0,,jamesti01
428,Kiwane Lemorris Garris,25,ORL,SG,3,0,23,-3.9,.200,.100,.000,0.0,4.7,2.4,12.2,0.0,0.0,9.1,20.1,-0.1,0.0,-0.1,-0.223,-7.8,-6.4,-14.3,-0.1,,garriki01
429,Ben Davis,27,PHO,PF,5,0,22,8.5,.333,.000,.000,15.5,29.8,22.8,13.2,2.3,3.3,33.3,18.0,-0.1,0.1,0.0,-0.033,-6.5,1.6,-4.9,0.0,,davisbe01
430,Andrae Patterson,24,MIN,PF,5,0,20,11.7,.750,.000,.000,5.8,5.9,5.8,7.6,2.6,0.0,20.0,11.3,0.0,0.0,0.1,.124,-2.5,0.6,-1.9,0.0,,pattean01
431,Ira Bowman,26,PHI,SG,11,0,20,13.3,.868,.000,1.000,0.0,11.2,5.5,7.6,2.6,0.0,25.8,8.5,0.0,0.0,0.1,.128,0.3,3.4,3.6,0.0,,bowmair01
432,Sean Marks,24,TOR,PF,5,0,12,9.7,.515,.167,.667,0.0,19.3,9.3,0.0,4.3,5.9,27.9,39.7,0.0,0.0,0.0,-0.094,-10.6,1.2,-9.4,0.0,,marksse01
433,Marty Conlon,32,LAC,C,3,0,9,9.6,.500,.000,.000,12.0,12.8,12.4,0.0,0.0,0.0,0.0,9.9,0.0,0.0,0.0,.060,-2.9,-5.9,-8.8,0.0,,conloma01
434,Benoit Benjamin,35,CLE,C,3,0,8,5.5,.333,.000,.000,0.0,14.1,7.0,0.0,0.0,9.0,0.0,16.3,0.0,0.0,0.0,-0.036,-6.0,-0.3,-6.3,0.0,,benjabe01
435,Rodrick Rhodes,26,DAL,SF,1,0,8,-9.2,.000,.000,.000,13.5,0.0,6.7,0.0,12.6,0.0,40.0,27.6,-0.1,0.0,-0.1,-0.553,-15.6,0.7,-14.9,0.0,,rhodero01
436,Derek Hood,23,CHH,PF,2,0,4,-24.2,.000,.000,.000,0.0,27.5,14.1,0.0,0.0,0.0,0.0,33.6,-0.1,0.0,-0.1,-0.738,-18.9,-10.6,-29.5,0.0,,hoodde01
437,Mario Bennett,26,LAC,PF,1,0,3,-25.5,.000,.000,.000,36.0,38.5,37.2,0.0,0.0,0.0,0.0,44.4,-0.1,0.0,-0.1,-0.859,-25.2,-19.1,-44.2,0.0,,bennema01
438,Jason Miskiri,24,CHH,PG,1,0,3,-12.4,.000,1.000,.000,0.0,0.0,0.0,44.9,0.0,0.0,0.0,14.9,0.0,0.0,0.0,-0.205,-17.6,-1.0,-18.6,0.0,,miskija01
439,Randell Jackson,24,DAL,PF,1,0,1,0.0,,,,0.0,0.0,0.0,0.0,0.0,0.0,,0.0,0.0,0.0,0.0,-0.025,-3.3,-3.1,-6.3,0.0,,jacksra02